{
	"info": {
		"_postman_id": "bfa83f61-ed31-4d00-af18-c0d781a494ec",
		"name": "DEMO Reserva",
		"schema": "https://schema.getpostman.com/json/collection/v2.1.0/collection.json"
	},
	"item": [
		{
			"name": "R - Habitaciones disponibles",
			"request": {
				"auth": {
					"type": "basic",
					"basic": [
						{
							"key": "username",
							"value": "turisticas",
							"type": "string"
						},
						{
							"key": "password",
							"value": "123456",
							"type": "string"
						}
					]
				},
				"method": "POST",
				"header": [],
				"body": {
					"mode": "raw",
					"raw": "{\r\n    \"filter\":{\r\n        \"bkg_start\":\"2022-08-31\",\r\n        \"bkg_end\":\"2022-09-05\",\r\n        \"rm_htl_id\":\"5\"\r\n    },\"columns\":[\"rm_id\",\"rmt_description\",\"rmt_price\",\"bdc_slots\"]\r\n}",
					"options": {
						"raw": {
							"language": "json"
						}
					}
				},
				"url": {
					"raw": "http://localhost:33333/rooms/roomsUnbookedInRange/search",
					"protocol": "http",
					"host": [
						"localhost"
					],
					"port": "33333",
					"path": [
						"rooms",
						"roomsUnbookedInRange",
						"search"
					]
				}
			},
			"response": []
		},
		{
			"name": "C - Bussines Customer",
			"request": {
				"auth": {
					"type": "basic",
					"basic": [
						{
							"key": "username",
							"value": "turisticas",
							"type": "string"
						},
						{
							"key": "password",
							"value": "123456",
							"type": "string"
						}
					]
				},
				"method": "POST",
				"header": [],
				"body": {
					"mode": "raw",
					"raw": "{\"data\":\r\n    {\"cst_name\":\"Empresa genérica\",\r\n    \"cst_address\":\"Calle Zamora Nº34, Vigo\",\r\n    \"cst_phone\":\"986923251\",\r\n    \"cst_cnt_iso\":\"ES\",\r\n    \"cst_vat_number\":\"B36443112\",\r\n    \"cst_email\":\"empresagenerica@@generica.com\"\r\n    }\r\n}",
					"options": {
						"raw": {
							"language": "json"
						}
					}
				},
				"url": {
					"raw": "http://localhost:33333/customers/businessCustomer",
					"protocol": "http",
					"host": [
						"localhost"
					],
					"port": "33333",
					"path": [
						"customers",
						"businessCustomer"
					]
				}
			},
			"response": []
		},
		{
			"name": "C - Reserva sin tarjeta",
			"request": {
				"auth": {
					"type": "basic",
					"basic": [
						{
							"key": "username",
							"value": "turisticas",
							"type": "string"
						},
						{
							"key": "password",
							"value": "123456",
							"type": "string"
						}
					]
				},
				"method": "POST",
				"header": [],
				"body": {
					"mode": "raw",
					"raw": "{\r\n    \"data\": {        \r\n        \"bkg_cst_id\": XXXX_ID_CLIENTE,\r\n        \"bkg_rm_id\":136,        \r\n        \"bkg_start\": \"2022-08-31\",\r\n        \"bkg_end\": \"2022-09-30\"\r\n    }\r\n}",
					"options": {
						"raw": {
							"language": "json"
						}
					}
				},
				"url": {
					"raw": "http://localhost:33333/bookings/booking",
					"protocol": "http",
					"host": [
						"localhost"
					],
					"port": "33333",
					"path": [
						"bookings",
						"booking"
					]
				}
			},
			"response": []
		},
		{
			"name": "C - Tarjeta de crédito",
			"request": {
				"auth": {
					"type": "basic",
					"basic": [
						{
							"key": "username",
							"value": "turisticas",
							"type": "string"
						},
						{
							"key": "password",
							"value": "123456",
							"type": "string"
						}
					]
				},
				"method": "POST",
				"header": [],
				"body": {
					"mode": "raw",
					"raw": " {\r\n    \"data\": {\r\n        \"crd_number\": 674345776634556,\r\n        \"crd_date_expiry\":\"2024-02-01\"\r\n    }\r\n}",
					"options": {
						"raw": {
							"language": "json"
						}
					}
				},
				"url": {
					"raw": "http://localhost:33333/creditcard/creditCard",
					"protocol": "http",
					"host": [
						"localhost"
					],
					"port": "33333",
					"path": [
						"creditcard",
						"creditCard"
					]
				}
			},
			"response": []
		},
		{
			"name": "C - Añadir tarjeta a cliente",
			"request": {
				"auth": {
					"type": "basic",
					"basic": [
						{
							"key": "username",
							"value": "turisticas",
							"type": "string"
						},
						{
							"key": "password",
							"value": "123456",
							"type": "string"
						}
					]
				},
				"method": "POST",
				"header": [],
				"body": {
					"mode": "raw",
					"raw": " {\r\n    \"data\": {\r\n        \"cst_id\": XXX_ID_CLIENTE,\r\n        \"crd_id\": XXX_ID_TARJETA\r\n    }\r\n}",
					"options": {
						"raw": {
							"language": "json"
						}
					}
				},
				"url": {
					"raw": "http://localhost:33333/customercreditcard/customerCreditCard",
					"protocol": "http",
					"host": [
						"localhost"
					],
					"port": "33333",
					"path": [
						"customercreditcard",
						"customerCreditCard"
					]
				}
			},
			"response": []
		},
		{
			"name": "C - Reserva con tarjeta",
			"request": {
				"auth": {
					"type": "basic",
					"basic": [
						{
							"key": "username",
							"value": "turisticas",
							"type": "string"
						},
						{
							"key": "password",
							"value": "123456",
							"type": "string"
						}
					]
				},
				"method": "POST",
				"header": [],
				"body": {
					"mode": "raw",
					"raw": "{\r\n    \"data\": {        \r\n        \"bkg_cst_id\": XXXXX_ID_CLIENTE,\r\n        \"bkg_rm_id\":136,        \r\n        \"bkg_start\": \"2022-08-31\",\r\n        \"bkg_end\": \"2022-09-05\"\r\n    }\r\n}",
					"options": {
						"raw": {
							"language": "json"
						}
					}
				},
				"url": {
					"raw": "http://localhost:33333/bookings/booking",
					"protocol": "http",
					"host": [
						"localhost"
					],
					"port": "33333",
					"path": [
						"bookings",
						"booking"
					]
				}
			},
			"response": []
		},
		{
			"name": "C - Añadir huéspedes",
			"request": {
				"auth": {
					"type": "basic",
					"basic": [
						{
							"key": "username",
							"value": "personalAtom05",
							"type": "string"
						},
						{
							"key": "password",
							"value": "123456",
							"type": "string"
						}
					]
				},
				"method": "POST",
				"header": [],
				"body": {
					"mode": "raw",
					"raw": "{\r\n    \"data\":{\r\n        \"bgs_bkg_id\": XXXXX_ID_RESERVA,\r\n        \"bgs_cst_id\": XXXXX_ID_CLIENTE\r\n\r\n    }\r\n}",
					"options": {
						"raw": {
							"language": "json"
						}
					}
				},
				"url": {
					"raw": "http://localhost:33333/bookingsGuests/bookingGuest",
					"protocol": "http",
					"host": [
						"localhost"
					],
					"port": "33333",
					"path": [
						"bookingsGuests",
						"bookingGuest"
					]
				}
			},
			"response": []
		},
		{
			"name": "U - Checkin",
			"request": {
				"auth": {
					"type": "basic",
					"basic": [
						{
							"key": "username",
							"value": "personalAtom05",
							"type": "string"
						},
						{
							"key": "password",
							"value": "123456",
							"type": "string"
						}
					]
				},
				"method": "PUT",
				"header": [],
				"body": {
					"mode": "raw",
					"raw": "{\r\n    \"filter\": {\r\n     \"bkg_id\": XXXXX_ID_RESERVA\r\n    },\r\n    \"data\": {\r\n        \"action\": \"CHECKIN\"\r\n    }    \r\n}",
					"options": {
						"raw": {
							"language": "json"
						}
					}
				},
				"url": {
					"raw": "http://localhost:33333/bookings/bookingAction",
					"protocol": "http",
					"host": [
						"localhost"
					],
					"port": "33333",
					"path": [
						"bookings",
						"bookingAction"
					]
				}
			},
			"response": []
		},
		{
			"name": "-R Listar Servicios Extra",
			"request": {
				"auth": {
					"type": "basic",
					"basic": [
						{
							"key": "username",
							"value": "personalAtom01",
							"type": "string"
						},
						{
							"key": "password",
							"value": "123456",
							"type": "string"
						}
					]
				},
				"method": "POST",
				"header": [],
				"body": {
					"mode": "raw",
					"raw": "{\r\n    \"filter\": {\r\n     \"hsx_htl_id\": 5\r\n    },\r\n    \"columns\": [\"sxt_id\",\"sxt_name\",\"sxt_description\",\"hsx_precio\"]\r\n}",
					"options": {
						"raw": {
							"language": "json"
						}
					}
				},
				"url": {
					"raw": "http://localhost:33333/hotelserviceextra/hotelServiceExtra/search",
					"protocol": "http",
					"host": [
						"localhost"
					],
					"port": "33333",
					"path": [
						"hotelserviceextra",
						"hotelServiceExtra",
						"search"
					]
				}
			},
			"response": []
		},
		{
			"name": "C - Añadir servicios extra",
			"request": {
				"auth": {
					"type": "basic",
					"basic": [
						{
							"key": "username",
							"value": "personalAtom05",
							"type": "string"
						},
						{
							"key": "password",
							"value": "123456",
							"type": "string"
						}
					]
				},
				"method": "POST",
				"header": [],
				"body": {
					"mode": "raw",
					"raw": "{\r\n    \"data\":{\r\n        \"bsx_bkg_id\": XXXXX_ID_RESERVA,\r\n        \"bsx_sxt_id\": 6,\r\n        \"bsx_units\": 2\r\n    }\r\n}",
					"options": {
						"raw": {
							"language": "json"
						}
					}
				},
				"url": {
					"raw": "http://localhost:33333/bookingserviceextra/bookingServiceExtra",
					"protocol": "http",
					"host": [
						"localhost"
					],
					"port": "33333",
					"path": [
						"bookingserviceextra",
						"bookingServiceExtra"
					]
				}
			},
			"response": []
		},
		{
			"name": "C - Emitir Recibo",
			"request": {
				"auth": {
					"type": "basic",
					"basic": [
						{
							"key": "username",
							"value": "personalAtom05",
							"type": "string"
						},
						{
							"key": "password",
							"value": "123456",
							"type": "string"
						}
					]
				},
				"method": "POST",
				"header": [],
				"body": {
					"mode": "raw",
					"raw": " {\r\n    \"data\": {\r\n        \"rcp_bkg_id\": XXXXX_ID_RESERVA\r\n\r\n    }\r\n}",
					"options": {
						"raw": {
							"language": "json"
						}
					}
				},
				"url": {
					"raw": "http://localhost:33333/receipts/receipt",
					"protocol": "http",
					"host": [
						"localhost"
					],
					"port": "33333",
					"path": [
						"receipts",
						"receipt"
					]
				}
			},
			"response": []
		},
		{
			"name": "U - Checkout",
			"request": {
				"auth": {
					"type": "basic",
					"basic": [
						{
							"key": "username",
							"value": "personalAtom05",
							"type": "string"
						},
						{
							"key": "password",
							"value": "123456",
							"type": "string"
						}
					]
				},
				"method": "PUT",
				"header": [],
				"body": {
					"mode": "raw",
					"raw": "{\r\n    \"filter\": {\r\n     \"bkg_id\": XXXXX_ID_RESERVA\r\n    },\r\n    \"data\": {\r\n        \"action\": \"CHECKOUT\"\r\n    }    \r\n}",
					"options": {
						"raw": {
							"language": "json"
						}
					}
				},
				"url": {
					"raw": "http://localhost:33333/bookings/bookingAction",
					"protocol": "http",
					"host": [
						"localhost"
					],
					"port": "33333",
					"path": [
						"bookings",
						"bookingAction"
					]
				}
			},
			"response": []
		},
		{
			"name": "C - Emitir Recibo - OK",
			"request": {
				"auth": {
					"type": "basic",
					"basic": [
						{
							"key": "username",
							"value": "personalAtom05",
							"type": "string"
						},
						{
							"key": "password",
							"value": "123456",
							"type": "string"
						}
					]
				},
				"method": "POST",
				"header": [],
				"body": {
					"mode": "raw",
					"raw": " {\r\n    \"data\": {\r\n        \"rcp_bkg_id\":XXXXX_ID_RESERVA\r\n\r\n    }\r\n}",
					"options": {
						"raw": {
							"language": "json"
						}
					}
				},
				"url": {
					"raw": "http://localhost:33333/receipts/receipt",
					"protocol": "http",
					"host": [
						"localhost"
					],
					"port": "33333",
					"path": [
						"receipts",
						"receipt"
					]
				}
			},
			"response": []
		},
		{
			"name": "R - Imprimir recibo",
			"request": {
				"auth": {
					"type": "basic",
					"basic": [
						{
							"key": "username",
							"value": "personalAtom05",
							"type": "string"
						},
						{
							"key": "password",
							"value": "123456",
							"type": "string"
						}
					]
				},
				"method": "POST",
				"header": [],
				"body": {
					"mode": "raw",
					"raw": "{\r\n    \"filter\":{\r\n        \"rcp_id\":XXXXX_ID_RECIBO\r\n    }\r\n}",
					"options": {
						"raw": {
							"language": "json"
						}
					}
				},
				"url": {
					"raw": "http://localhost:33333/reports/receipt",
					"protocol": "http",
					"host": [
						"localhost"
					],
					"port": "33333",
					"path": [
						"reports",
						"receipt"
					]
				}
			},
			"response": []
		},
		{
			"name": "R - recibo completo",
			"request": {
				"auth": {
					"type": "basic",
					"basic": [
						{
							"key": "username",
							"value": "atom",
							"type": "string"
						},
						{
							"key": "password",
							"value": "123456",
							"type": "string"
						}
					]
				},
				"method": "POST",
				"header": [],
				"body": {
					"mode": "raw",
					"raw": "{\r\n    \"filter\":{\r\n        \"rcp_id\":105\r\n\r\n    }\r\n}",
					"options": {
						"raw": {
							"language": "json"
						}
					}
				},
				"url": {
					"raw": "http://localhost:33333/reports/receipt",
					"protocol": "http",
					"host": [
						"localhost"
					],
					"port": "33333",
					"path": [
						"reports",
						"receipt"
					]
				}
			},
			"response": []
		}
	]
}