{
	"info": {
		"_postman_id": "fc2dd4bb-b6f0-4060-8652-ee58b0d12273",
		"name": "DEMO Informes",
		"schema": "https://schema.getpostman.com/json/collection/v2.1.0/collection.json"
	},
	"item": [
		{
			"name": "R- employeeByHotel",
			"request": {
				"auth": {
					"type": "basic",
					"basic": [
						{
							"key": "username",
							"value": "atom",
							"type": "string"
						},
						{
							"key": "password",
							"value": "123456",
							"type": "string"
						}
					]
				},
				"method": "POST",
				"header": [],
				"body": {
					"mode": "raw",
					"raw": "{\r\n    \"filter\":{\r\n        \"htl_id\":7\r\n    }\r\n}",
					"options": {
						"raw": {
							"language": "json"
						}
					}
				},
				"url": {
					"raw": "http://localhost:33333/reports/employeesByHotel",
					"protocol": "http",
					"host": [
						"localhost"
					],
					"port": "33333",
					"path": [
						"reports",
						"employeesByHotel"
					]
				}
			},
			"response": []
		},
		{
			"name": "R - departmentExpensesByHotelChart",
			"request": {
				"auth": {
					"type": "basic",
					"basic": [
						{
							"key": "username",
							"value": "atom",
							"type": "string"
						},
						{
							"key": "password",
							"value": "123456",
							"type": "string"
						}
					]
				},
				"method": "POST",
				"header": [],
				"body": {
					"mode": "raw",
					"raw": "{\r\n    \"filter\":{\r\n           \"from\":\"2022-12-01\",\r\n        \"to\":\"2022-12-30\",\r\n        \"htl_id\":1\r\n    }\r\n}",
					"options": {
						"raw": {
							"language": "json"
						}
					}
				},
				"url": {
					"raw": "http://localhost:33333/reports/departmentExpensesByHotelChart",
					"protocol": "http",
					"host": [
						"localhost"
					],
					"port": "33333",
					"path": [
						"reports",
						"departmentExpensesByHotelChart"
					]
				}
			},
			"response": []
		},
		{
			"name": "R - expensesVsIncome",
			"request": {
				"auth": {
					"type": "basic",
					"basic": [
						{
							"key": "username",
							"value": "atom",
							"type": "string"
						},
						{
							"key": "password",
							"value": "123456",
							"type": "string"
						}
					]
				},
				"method": "POST",
				"header": [],
				"body": {
					"mode": "raw",
					"raw": "{\r\n    \"filter\":{\r\n          \"from\":\"2022-08-12\",\r\n        \"to\":\"2022-11-13\"\r\n    }\r\n}",
					"options": {
						"raw": {
							"language": "json"
						}
					}
				},
				"url": {
					"raw": "http://localhost:33333/reports/incomeVsExpensesChart",
					"protocol": "http",
					"host": [
						"localhost"
					],
					"port": "33333",
					"path": [
						"reports",
						"incomeVsExpensesChart"
					]
				}
			},
			"response": []
		},
		{
			"name": "R - occupationByNationality",
			"request": {
				"auth": {
					"type": "basic",
					"basic": [
						{
							"key": "username",
							"value": "atom",
							"type": "string"
						},
						{
							"key": "password",
							"value": "123456",
							"type": "string"
						}
					]
				},
				"method": "POST",
				"header": [],
				"body": {
					"mode": "raw",
					"raw": "{\r\n    \"filter\":{\r\n         \"from\":\"2022-01-01\",\r\n        \"to\":\"2023-01-01\",\r\n        \"htl_id\":2\r\n    }\r\n}",
					"options": {
						"raw": {
							"language": "json"
						}
					}
				},
				"url": {
					"raw": "http://localhost:33333/reports/occupancyByNationalityChart",
					"protocol": "http",
					"host": [
						"localhost"
					],
					"port": "33333",
					"path": [
						"reports",
						"occupancyByNationalityChart"
					]
				}
			},
			"response": []
		},
		{
			"name": "R - occupancy",
			"request": {
				"auth": {
					"type": "basic",
					"basic": [
						{
							"key": "username",
							"value": "atom",
							"type": "string"
						},
						{
							"key": "password",
							"value": "123456",
							"type": "string"
						}
					]
				},
				"method": "POST",
				"header": [],
				"body": {
					"mode": "raw",
					"raw": "{\r\n    \"filter\":{\r\n         \"from\":\"2022-09-15\",\r\n        \"to\":\"2022-11-22\"\r\n    }\r\n}",
					"options": {
						"raw": {
							"language": "json"
						}
					}
				},
				"url": {
					"raw": "http://localhost:33333/reports/occupancyChart",
					"protocol": "http",
					"host": [
						"localhost"
					],
					"port": "33333",
					"path": [
						"reports",
						"occupancyChart"
					]
				}
			},
			"response": []
		}
	]
}