{
	"info": {
		"_postman_id": "8ed4641f-14b3-4d4b-9d01-890f5dc43bf4",
		"name": "Countries",
		"schema": "https://schema.getpostman.com/json/collection/v2.1.0/collection.json",
		"_exporter_id": "15674806"
	},
	"item": [
		{
			"name": "-R all Countries",
			"request": {
				"method": "GET",
				"header": []
			},
			"response": []
		},
		{
			"name": "-R all Countries Copy",
			"request": {
				"method": "POST",
				"header": [],
				"body": {
					"mode": "raw",
					"raw": "{\r\n    \"filter\":{\r\n        \"cnt_iso\": \"DE\"\r\n    } ,\r\n    \"columns\": [\"cnt_name\"]\r\n}",
					"options": {
						"raw": {
							"language": "json"
						}
					}
				},
				"url": {
					"raw": "http://localhost:33333/countries/country/search",
					"protocol": "http",
					"host": [
						"localhost"
					],
					"port": "33333",
					"path": [
						"countries",
						"country",
						"search"
					]
				}
			},
			"response": []
		}
	],
	"auth": {
		"type": "basic",
		"basic": [
			{
				"key": "password",
				"value": "demouser",
				"type": "string"
			},
			{
				"key": "username",
				"value": "demo",
				"type": "string"
			}
		]
	},
	"event": [
		{
			"listen": "prerequest",
			"script": {
				"type": "text/javascript",
				"exec": [
					""
				]
			}
		},
		{
			"listen": "test",
			"script": {
				"type": "text/javascript",
				"exec": [
					""
				]
			}
		}
	]
}