{
	"info": {
		"_postman_id": "d8f31ce3-ba80-4e7e-b117-46d1ca8d3b1a",
		"name": "Customers",
		"schema": "https://schema.getpostman.com/json/collection/v2.1.0/collection.json"
	},
	"item": [
		{
			"name": "-C customer Business",
			"request": {
				"auth": {
					"type": "basic",
					"basic": [
						{
							"key": "password",
							"value": "demouser",
							"type": "string"
						},
						{
							"key": "username",
							"value": "demo",
							"type": "string"
						}
					]
				},
				"method": "POST",
				"header": [],
				"body": {
					"mode": "raw",
					"raw": "{\"data\":\r\n    {\"cst_name\":\"Paula\",\r\n    \"cst_address\":\"calle aaaaa\",\r\n    \"cst_phone\":\"986123456\",\r\n    \"cst_cnt_iso\":\"GB\",\r\n    \"cst_vat_number\":\"B36443111\",\r\n    \"cst_email\":\"sasa8@asds.sa\"\r\n    }\r\n}",
					"options": {
						"raw": {
							"language": "json"
						}
					}
				},
				"url": {
					"raw": "http://localhost:33333/customers/businessCustomer",
					"protocol": "http",
					"host": [
						"localhost"
					],
					"port": "33333",
					"path": [
						"customers",
						"businessCustomer"
					]
				}
			},
			"response": []
		},
		{
			"name": "-C customer Regular",
			"request": {
				"auth": {
					"type": "basic",
					"basic": [
						{
							"key": "password",
							"value": "demouser",
							"type": "string"
						},
						{
							"key": "username",
							"value": "demo",
							"type": "string"
						}
					]
				},
				"method": "POST",
				"header": [],
				"body": {
					"mode": "raw",
					"raw": "{\"data\":\r\n    {\"cst_name\":\"Paula\",\r\n    \"cst_surname\": \"Rodríguez\",\r\n    \"cst_address\":\"calle aaaaa\",\r\n    \"cst_phone\":\"9861113456\",\r\n    \"cst_cnt_iso\":\"ES\",\r\n    \"cst_identity_document\": \"512333455Y\"\r\n    }\r\n}",
					"options": {
						"raw": {
							"language": "json"
						}
					}
				},
				"url": {
					"raw": "http://localhost:33333/customers/regularCustomer",
					"protocol": "http",
					"host": [
						"localhost"
					],
					"port": "33333",
					"path": [
						"customers",
						"regularCustomer"
					]
				}
			},
			"response": []
		},
		{
			"name": "- R all customers",
			"request": {
				"auth": {
					"type": "basic",
					"basic": [
						{
							"key": "password",
							"value": "demouser",
							"type": "string"
						},
						{
							"key": "username",
							"value": "demo",
							"type": "string"
						}
					]
				},
				"method": "GET",
				"header": [],
				"url": {
					"raw": "http://localhost:33333/customers/customer?columns=cst_id,cst_name,cst_surname,cst_email,cst_birth_date,cst_identity_document,cst_address,cst_cnt_iso,cst_phone",
					"protocol": "http",
					"host": [
						"localhost"
					],
					"port": "33333",
					"path": [
						"customers",
						"customer"
					],
					"query": [
						{
							"key": "columns",
							"value": "cst_id,cst_name,cst_surname,cst_email,cst_birth_date,cst_identity_document,cst_address,cst_cnt_iso,cst_phone"
						}
					]
				}
			},
			"response": []
		},
		{
			"name": "-R costumer",
			"request": {
				"method": "POST",
				"header": [],
				"body": {
					"mode": "raw",
					"raw": "{\r\n    \"filter\": {\r\n     \"cst_id\": 37\r\n    },\r\n    \"columns\": [\"cst_id\",\"cst_name\",\"cst_surname\",\"cst_email\",\"cst_birth_date\",\"cst_identity_document\",\"cst_address\",\"cst_phone\"]\r\n}",
					"options": {
						"raw": {
							"language": "json"
						}
					}
				},
				"url": {
					"raw": "http://localhost:33333/customers/customer/search",
					"protocol": "http",
					"host": [
						"localhost"
					],
					"port": "33333",
					"path": [
						"customers",
						"customer",
						"search"
					]
				}
			},
			"response": []
		},
		{
			"name": "-R all customers",
			"request": {
				"auth": {
					"type": "basic",
					"basic": [
						{
							"key": "password",
							"value": "demouser",
							"type": "string"
						},
						{
							"key": "username",
							"value": "demo",
							"type": "string"
						}
					]
				},
				"method": "POST",
				"header": [],
				"body": {
					"mode": "raw",
					"raw": "{\r\n \"columns\": [\"cst_id\",\"cst_name\"]\r\n}",
					"options": {
						"raw": {
							"language": "json"
						}
					}
				},
				"url": {
					"raw": "http://localhost:33333/customers/customer/search",
					"protocol": "http",
					"host": [
						"localhost"
					],
					"port": "33333",
					"path": [
						"customers",
						"customer",
						"search"
					]
				}
			},
			"response": []
		},
		{
			"name": "-R mails",
			"request": {
				"auth": {
					"type": "basic",
					"basic": [
						{
							"key": "password",
							"value": "demouser",
							"type": "string"
						},
						{
							"key": "username",
							"value": "demo",
							"type": "string"
						}
					]
				},
				"method": "POST",
				"header": [],
				"body": {
					"mode": "raw",
					"raw": "{\r\n \"columns\": [\"cst_name\", \"cst_surname\", \"cst_email\"]\r\n}",
					"options": {
						"raw": {
							"language": "json"
						}
					}
				},
				"url": {
					"raw": "http://localhost:33333/customers/customer/search",
					"protocol": "http",
					"host": [
						"localhost"
					],
					"port": "33333",
					"path": [
						"customers",
						"customer",
						"search"
					]
				}
			},
			"response": []
		},
		{
			"name": "-R mail individual consentimiento",
			"request": {
				"auth": {
					"type": "basic",
					"basic": [
						{
							"key": "password",
							"value": "demouser",
							"type": "string"
						},
						{
							"key": "username",
							"value": "demo",
							"type": "string"
						}
					]
				},
				"method": "POST",
				"header": [],
				"body": {
					"mode": "raw",
					"raw": "{\r\n    \"filter\":{\r\n        \"cst_id\":3\r\n    },\r\n \"columns\": [\"cst_name\", \"cst_surname\", \"cst_email\", \"cst_agree_spam\"]\r\n}",
					"options": {
						"raw": {
							"language": "json"
						}
					}
				},
				"url": {
					"raw": "http://localhost:33333/customers/mailAgreement/search",
					"protocol": "http",
					"host": [
						"localhost"
					],
					"port": "33333",
					"path": [
						"customers",
						"mailAgreement",
						"search"
					]
				}
			},
			"response": []
		},
		{
			"name": "-R lista mail consentimiento filtrando con método",
			"request": {
				"auth": {
					"type": "basic",
					"basic": [
						{
							"key": "password",
							"value": "demouser",
							"type": "string"
						},
						{
							"key": "username",
							"value": "demo",
							"type": "string"
						}
					]
				},
				"method": "POST",
				"header": [],
				"body": {
					"mode": "raw",
					"raw": "{\r\n \"columns\": [\"cst_name\", \"cst_surname\", \"cst_email\", \"cst_agree_spam\"]\r\n}",
					"options": {
						"raw": {
							"language": "json"
						}
					}
				},
				"url": {
					"raw": "http://localhost:33333/customers/mailAgreement/search",
					"protocol": "http",
					"host": [
						"localhost"
					],
					"port": "33333",
					"path": [
						"customers",
						"mailAgreement",
						"search"
					]
				}
			},
			"response": []
		},
		{
			"name": "-R lista mail consentimiento filtrando con postman",
			"request": {
				"auth": {
					"type": "basic",
					"basic": [
						{
							"key": "password",
							"value": "demouser",
							"type": "string"
						},
						{
							"key": "username",
							"value": "demo",
							"type": "string"
						}
					]
				},
				"method": "POST",
				"header": [],
				"body": {
					"mode": "raw",
					"raw": "{\r\n    \"filter\":{\r\n        \"cst_agree_spam\": 1\r\n    },\r\n \"columns\": [\"cst_name\", \"cst_surname\", \"cst_email\", \"cst_agree_spam\"]\r\n}",
					"options": {
						"raw": {
							"language": "json"
						}
					}
				},
				"url": {
					"raw": "http://localhost:33333/customers/customer/search",
					"protocol": "http",
					"host": [
						"localhost"
					],
					"port": "33333",
					"path": [
						"customers",
						"customer",
						"search"
					]
				}
			},
			"response": []
		},
		{
			"name": "- U costumer customerBusiness",
			"request": {
				"auth": {
					"type": "basic",
					"basic": [
						{
							"key": "password",
							"value": "demouser",
							"type": "string"
						},
						{
							"key": "username",
							"value": "demo",
							"type": "string"
						}
					]
				},
				"method": "PUT",
				"header": [],
				"body": {
					"mode": "raw",
					"raw": "{\r\n    \"filter\": {\r\n     \"cst_id\": 33\r\n    },\r\n    \"data\": {\r\n        \"cst_name\": \"Citroen\",\r\n        \"cst_vat_number\": \"A11234558\"\r\n    }\r\n}",
					"options": {
						"raw": {
							"language": "json"
						}
					}
				},
				"url": {
					"raw": "http://localhost:33333/customers/customerBusiness",
					"protocol": "http",
					"host": [
						"localhost"
					],
					"port": "33333",
					"path": [
						"customers",
						"customerBusiness"
					]
				}
			},
			"response": []
		},
		{
			"name": "- U costumer customerRegular",
			"request": {
				"auth": {
					"type": "basic",
					"basic": [
						{
							"key": "password",
							"value": "demouser",
							"type": "string"
						},
						{
							"key": "username",
							"value": "demo",
							"type": "string"
						}
					]
				},
				"method": "PUT",
				"header": [],
				"body": {
					"mode": "raw",
					"raw": "{\r\n    \"filter\": {\r\n     \"cst_id\": 3\r\n    },\r\n    \"data\": {\r\n        \"cst_name\": \"Dieguito\",\r\n        \"cst_identity_document\": \"123456789OL\"\r\n    }\r\n}",
					"options": {
						"raw": {
							"language": "json"
						}
					}
				},
				"url": {
					"raw": "http://localhost:33333/customers/customerRegular",
					"protocol": "http",
					"host": [
						"localhost"
					],
					"port": "33333",
					"path": [
						"customers",
						"customerRegular"
					]
				}
			},
			"response": []
		},
		{
			"name": "-U customerCancelUpdate",
			"event": [
				{
					"listen": "test",
					"script": {
						"exec": [
							""
						],
						"type": "text/javascript"
					}
				}
			],
			"request": {
				"method": "PUT",
				"header": [],
				"body": {
					"mode": "raw",
					"raw": "{\r\n    \"filter\": {\r\n        \"cst_id\": 5\r\n    },\r\n    \"data\": {\r\n        \"action\": \"CANCEL\"\r\n    }    \r\n}",
					"options": {
						"raw": {
							"language": "json"
						}
					}
				},
				"url": {
					"raw": "http://localhost:33333/customers/customerCancel",
					"protocol": "http",
					"host": [
						"localhost"
					],
					"port": "33333",
					"path": [
						"customers",
						"customerCancel"
					]
				}
			},
			"response": []
		},
		{
			"name": "-D costumer",
			"request": {
				"auth": {
					"type": "basic",
					"basic": [
						{
							"key": "password",
							"value": "demouser",
							"type": "string"
						},
						{
							"key": "username",
							"value": "demo",
							"type": "string"
						}
					]
				},
				"method": "DELETE",
				"header": [],
				"body": {
					"mode": "raw",
					"raw": "{\r\n    \"filter\": {\r\n     \"cst_id\": 1\r\n    }\r\n}",
					"options": {
						"raw": {
							"language": "json"
						}
					}
				},
				"url": {
					"raw": "http://localhost:33333/customers/customer",
					"protocol": "http",
					"host": [
						"localhost"
					],
					"port": "33333",
					"path": [
						"customers",
						"customer"
					]
				}
			},
			"response": []
		}
	],
	"auth": {
		"type": "basic",
		"basic": [
			{
				"key": "password",
				"value": "demouser",
				"type": "string"
			},
			{
				"key": "username",
				"value": "demo",
				"type": "string"
			}
		]
	},
	"event": [
		{
			"listen": "prerequest",
			"script": {
				"type": "text/javascript",
				"exec": [
					""
				]
			}
		},
		{
			"listen": "test",
			"script": {
				"type": "text/javascript",
				"exec": [
					""
				]
			}
		}
	]
}