{
	"info": {
		"_postman_id": "b114b718-24a7-40e2-aff3-28ecf0b67e06",
		"name": "HoltelServicesExtra",
		"schema": "https://schema.getpostman.com/json/collection/v2.1.0/collection.json",
		"_exporter_id": "15674806"
	},
	"item": [
		{
			"name": "-C Relacion HotelServiceExtra",
			"request": {
				"auth": {
					"type": "basic",
					"basic": [
						{
							"key": "password",
							"value": "demouser",
							"type": "string"
						},
						{
							"key": "username",
							"value": "demo",
							"type": "string"
						}
					]
				},
				"method": "POST",
				"header": [],
				"body": {
					"mode": "raw",
					"raw": "{\r\n    \"data\":{\r\n        \"htl_id\": 2,\r\n        \"sxt_id\": 3\r\n    }\r\n}",
					"options": {
						"raw": {
							"language": "json"
						}
					}
				},
				"url": {
					"raw": "http://localhost:33333/hotelserviceextra/hotelServiceExtra",
					"protocol": "http",
					"host": [
						"localhost"
					],
					"port": "33333",
					"path": [
						"hotelserviceextra",
						"hotelServiceExtra"
					]
				}
			},
			"response": []
		},
		{
			"name": "-R all Relaciones",
			"protocolProfileBehavior": {
				"disableBodyPruning": true
			},
			"request": {
				"auth": {
					"type": "basic",
					"basic": [
						{
							"key": "password",
							"value": "demouser",
							"type": "string"
						},
						{
							"key": "username",
							"value": "demo",
							"type": "string"
						}
					]
				},
				"method": "GET",
				"header": [],
				"body": {
					"mode": "raw",
					"raw": "",
					"options": {
						"raw": {
							"language": "json"
						}
					}
				},
				"url": {
					"raw": "http://localhost:33333/hotelserviceextra/hotelServiceExtra?columns=hsx_id,hsx_htl_id,hsx_sxt_id,hsx_precio",
					"protocol": "http",
					"host": [
						"localhost"
					],
					"port": "33333",
					"path": [
						"hotelserviceextra",
						"hotelServiceExtra"
					],
					"query": [
						{
							"key": "columns",
							"value": "hsx_id,hsx_htl_id,hsx_sxt_id,hsx_precio"
						}
					]
				}
			},
			"response": []
		},
		{
			"name": "-R filtro htl_id",
			"request": {
				"auth": {
					"type": "basic",
					"basic": [
						{
							"key": "password",
							"value": "demouser",
							"type": "string"
						},
						{
							"key": "username",
							"value": "demo",
							"type": "string"
						}
					]
				},
				"method": "POST",
				"header": [],
				"body": {
					"mode": "raw",
					"raw": "{\r\n    \"filter\": {\r\n     \"hsx_id\": 1\r\n    },\r\n    \"columns\": [\"hsx_htl_id\",\"hsx_sxt_id\",\"hsx_precio\"]\r\n}",
					"options": {
						"raw": {
							"language": "json"
						}
					}
				},
				"url": {
					"raw": "http://localhost:33333/hotelserviceextra/hotelServiceExtra/search",
					"protocol": "http",
					"host": [
						"localhost"
					],
					"port": "33333",
					"path": [
						"hotelserviceextra",
						"hotelServiceExtra",
						"search"
					]
				}
			},
			"response": []
		},
		{
			"name": "-U Relacion HotelServiceExtra",
			"request": {
				"auth": {
					"type": "basic",
					"basic": [
						{
							"key": "password",
							"value": "demouser",
							"type": "string"
						},
						{
							"key": "username",
							"value": "demo",
							"type": "string"
						}
					]
				},
				"method": "PUT",
				"header": [],
				"body": {
					"mode": "raw",
					"raw": "{\r\n    \"filter\": {\r\n        \"sxt_id\": 4,\r\n        \"htl_id\": 2\r\n    },\r\n    \"data\": {\r\n        \"precio\": 22.3\r\n    }\r\n}",
					"options": {
						"raw": {
							"language": "json"
						}
					}
				},
				"url": {
					"raw": "http://localhost:33333/hotelserviceextra/hotelServiceExtra",
					"protocol": "http",
					"host": [
						"localhost"
					],
					"port": "33333",
					"path": [
						"hotelserviceextra",
						"hotelServiceExtra"
					]
				}
			},
			"response": []
		},
		{
			"name": "-D Relacion HotelServiceExtra",
			"request": {
				"auth": {
					"type": "basic",
					"basic": [
						{
							"key": "password",
							"value": "demouser",
							"type": "string"
						},
						{
							"key": "username",
							"value": "demo",
							"type": "string"
						}
					]
				},
				"method": "DELETE",
				"header": [],
				"body": {
					"mode": "raw",
					"raw": "{\r\n    \"filter\": {\r\n     \"htl_id\": 2,\r\n     \"sxt_id\": 2\r\n    }\r\n}",
					"options": {
						"raw": {
							"language": "json"
						}
					}
				},
				"url": {
					"raw": "http://localhost:33333/hotelserviceextra/hotelServiceExtra",
					"protocol": "http",
					"host": [
						"localhost"
					],
					"port": "33333",
					"path": [
						"hotelserviceextra",
						"hotelServiceExtra"
					]
				}
			},
			"response": []
		}
	]
}