{
	"info": {
		"_postman_id": "bf6beee8-4365-479c-913c-5e8291f19170",
		"name": "Hotel Services",
		"schema": "https://schema.getpostman.com/json/collection/v2.1.0/collection.json"
	},
	"item": [
		{
			"name": "-C hotel service",
			"request": {
				"auth": {
					"type": "basic",
					"basic": [
						{
							"key": "password",
							"value": "demouser",
							"type": "string"
						},
						{
							"key": "username",
							"value": "demo",
							"type": "string"
						}
					]
				},
				"method": "POST",
				"header": [],
				"body": {
					"mode": "raw",
					"raw": " {\r\n    \"data\": {\r\n        \"htl_id\": 1,\r\n        \"srv_id\": 1\r\n\r\n    }\r\n}",
					"options": {
						"raw": {
							"language": "json"
						}
					}
				},
				"url": {
					"raw": "http://localhost:33333/hotelservice/hotelService",
					"protocol": "http",
					"host": [
						"localhost"
					],
					"port": "33333",
					"path": [
						"hotelservice",
						"hotelService"
					]
				}
			},
			"response": []
		},
		{
			"name": "-R all Hotels Service",
			"request": {
				"auth": {
					"type": "basic",
					"basic": [
						{
							"key": "password",
							"value": "demouser",
							"type": "string"
						},
						{
							"key": "username",
							"value": "demo",
							"type": "string"
						}
					]
				},
				"method": "GET",
				"header": [],
				"url": {
					"raw": "http://localhost:33333/hotelservice/hotelService?columns=htl_id,srv_id",
					"protocol": "http",
					"host": [
						"localhost"
					],
					"port": "33333",
					"path": [
						"hotelservice",
						"hotelService"
					],
					"query": [
						{
							"key": "columns",
							"value": "htl_id,srv_id"
						}
					]
				}
			},
			"response": []
		},
		{
			"name": "-R Hotel Services",
			"request": {
				"auth": {
					"type": "basic",
					"basic": [
						{
							"key": "password",
							"value": "demouser",
							"type": "string"
						},
						{
							"key": "username",
							"value": "demo",
							"type": "string"
						}
					]
				},
				"method": "POST",
				"header": [],
				"body": {
					"mode": "raw",
					"raw": "{\r\n    \"filter\":\r\n        {\r\n        \"htl_id\":1\r\n        },\r\n    \"columns\":[\"srv_id\"]\r\n\r\n        \r\n\r\n}",
					"options": {
						"raw": {
							"language": "json"
						}
					}
				},
				"url": {
					"raw": "localhost:33333/hotelservice/hotelService/search",
					"host": [
						"localhost"
					],
					"port": "33333",
					"path": [
						"hotelservice",
						"hotelService",
						"search"
					]
				}
			},
			"response": []
		},
		{
			"name": "-R Hotel Services_personalizada",
			"request": {
				"auth": {
					"type": "basic",
					"basic": [
						{
							"key": "password",
							"value": "demouser",
							"type": "string"
						},
						{
							"key": "username",
							"value": "demo",
							"type": "string"
						}
					]
				},
				"method": "POST",
				"header": [],
				"body": {
					"mode": "raw",
					"raw": "{\r\n    \"filter\":\r\n        {\r\n         \"htl_id\":3 \r\n        },\r\n        \"columns\":[\"htl_name\",\"srv_name\"]\r\n\r\n\r\n        \r\n\r\n}",
					"options": {
						"raw": {
							"language": "json"
						}
					}
				},
				"url": {
					"raw": "localhost:33333/hotelservice/hotelServiceInfo/search",
					"host": [
						"localhost"
					],
					"port": "33333",
					"path": [
						"hotelservice",
						"hotelServiceInfo",
						"search"
					]
				}
			},
			"response": []
		},
		{
			"name": "-U Hotel Services",
			"request": {
				"auth": {
					"type": "basic",
					"basic": [
						{
							"key": "password",
							"value": "demouser",
							"type": "string"
						},
						{
							"key": "username",
							"value": "demo",
							"type": "string"
						}
					]
				},
				"method": "PUT",
				"header": [],
				"body": {
					"mode": "raw",
					"raw": "{\r\n    \"filter\":{\r\n        \"htl_id\":1,\r\n        \"srv_id\":1\r\n},\r\n\"data\":{\r\n    \"srv_id\":2\r\n}\r\n}",
					"options": {
						"raw": {
							"language": "json"
						}
					}
				},
				"url": {
					"raw": "localhost:33333/hotelservice/hotelService/",
					"host": [
						"localhost"
					],
					"port": "33333",
					"path": [
						"hotelservice",
						"hotelService",
						""
					]
				}
			},
			"response": []
		},
		{
			"name": "-D Hotel Service",
			"request": {
				"auth": {
					"type": "basic",
					"basic": [
						{
							"key": "password",
							"value": "demouser",
							"type": "string"
						},
						{
							"key": "username",
							"value": "demo",
							"type": "string"
						}
					]
				},
				"method": "DELETE",
				"header": [],
				"body": {
					"mode": "raw",
					"raw": "{\r\n    \"filter\":{\r\n        \"htl_id\":1,\r\n        \"srv_id\":1\r\n    }\r\n}",
					"options": {
						"raw": {
							"language": "json"
						}
					}
				},
				"url": {
					"raw": "http://localhost:33333/hotelservice/hotelService",
					"protocol": "http",
					"host": [
						"localhost"
					],
					"port": "33333",
					"path": [
						"hotelservice",
						"hotelService"
					]
				}
			},
			"response": []
		}
	],
	"auth": {
		"type": "basic",
		"basic": [
			{
				"key": "password",
				"value": "demouser",
				"type": "string"
			},
			{
				"key": "username",
				"value": "demo",
				"type": "string"
			}
		]
	},
	"event": [
		{
			"listen": "prerequest",
			"script": {
				"type": "text/javascript",
				"exec": [
					""
				]
			}
		},
		{
			"listen": "test",
			"script": {
				"type": "text/javascript",
				"exec": [
					""
				]
			}
		}
	]
}