{
	"info": {
		"_postman_id": "f74020f9-4a27-4074-baf9-409a79a4d1df",
		"name": "Receipts",
		"schema": "https://schema.getpostman.com/json/collection/v2.1.0/collection.json"
	},
	"item": [
		{
			"name": "C -receipt",
			"request": {
				"auth": {
					"type": "basic",
					"basic": [
						{
							"key": "password",
							"value": "demouser",
							"type": "string"
						},
						{
							"key": "username",
							"value": "demo",
							"type": "string"
						}
					]
				},
				"method": "POST",
				"header": [],
				"body": {
					"mode": "raw",
					"raw": " {\r\n    \"data\": {\r\n        \"rcp_bkg_id\": 10\r\n    }\r\n}",
					"options": {
						"raw": {
							"language": "json"
						}
					}
				},
				"url": {
					"raw": "http://localhost:33333/receipts/receipt",
					"protocol": "http",
					"host": [
						"localhost"
					],
					"port": "33333",
					"path": [
						"receipts",
						"receipt"
					]
				}
			},
			"response": []
		},
		{
			"name": "R - reserva - precio -dias",
			"request": {
				"auth": {
					"type": "basic",
					"basic": [
						{
							"key": "password",
							"value": "demouser",
							"type": "string"
						},
						{
							"key": "username",
							"value": "demo",
							"type": "string"
						}
					]
				},
				"method": "POST",
				"header": [],
				"body": {
					"mode": "raw",
					"raw": "{\"filter\":{\r\n    \"bkg_id\":4\r\n},\r\n    \"columns\": [\"algo\"]\r\n}",
					"options": {
						"raw": {
							"language": "json"
						}
					}
				},
				"url": {
					"raw": "http://localhost:33333/bookings/bookingDaysUnitaryRoomPrice/search",
					"protocol": "http",
					"host": [
						"localhost"
					],
					"port": "33333",
					"path": [
						"bookings",
						"bookingDaysUnitaryRoomPrice",
						"search"
					]
				}
			},
			"response": []
		},
		{
			"name": "R - reserva - precioServicio - unidades",
			"request": {
				"auth": {
					"type": "basic",
					"basic": [
						{
							"key": "password",
							"value": "demouser",
							"type": "string"
						},
						{
							"key": "username",
							"value": "demo",
							"type": "string"
						}
					]
				},
				"method": "POST",
				"header": [],
				"body": {
					"mode": "raw",
					"raw": "{\"filter\":{\r\n    \"bsx_bkg_id\":3\r\n},\r\n    \"columns\": []\r\n}",
					"options": {
						"raw": {
							"language": "json"
						}
					}
				},
				"url": {
					"raw": "http://localhost:33333/bookingserviceextra/bookingExtraServicePriceUnitsTotal/search",
					"protocol": "http",
					"host": [
						"localhost"
					],
					"port": "33333",
					"path": [
						"bookingserviceextra",
						"bookingExtraServicePriceUnitsTotal",
						"search"
					]
				}
			},
			"response": []
		},
		{
			"name": "R - servicioExtra - nombre - descripción - precio - unidades -fecha",
			"request": {
				"auth": {
					"type": "basic",
					"basic": [
						{
							"key": "password",
							"value": "demouser",
							"type": "string"
						},
						{
							"key": "username",
							"value": "demo",
							"type": "string"
						}
					]
				},
				"method": "POST",
				"header": [],
				"body": {
					"mode": "raw",
					"raw": "{\"filter\":{\r\n    \"bsx_bkg_id\":4\r\n}\r\n}",
					"options": {
						"raw": {
							"language": "json"
						}
					}
				},
				"url": {
					"raw": "http://localhost:33333/bookingserviceextra/extraServicesNameDescriptionUnitsPriceDate/search",
					"protocol": "http",
					"host": [
						"localhost"
					],
					"port": "33333",
					"path": [
						"bookingserviceextra",
						"extraServicesNameDescriptionUnitsPriceDate",
						"search"
					]
				}
			},
			"response": []
		},
		{
			"name": "R- recibo completo",
			"request": {
				"auth": {
					"type": "basic",
					"basic": [
						{
							"key": "password",
							"value": "demouser",
							"type": "string"
						},
						{
							"key": "username",
							"value": "demo",
							"type": "string"
						}
					]
				},
				"method": "POST",
				"header": [],
				"body": {
					"mode": "raw",
					"raw": "{\"filter\":{\r\n    \"rcp_id\":11\r\n},\r\n\"columns\":[]\r\n}",
					"options": {
						"raw": {
							"language": "json"
						}
					}
				},
				"url": {
					"raw": "http://localhost:33333/receipts/completeReceipt/search",
					"protocol": "http",
					"host": [
						"localhost"
					],
					"port": "33333",
					"path": [
						"receipts",
						"completeReceipt",
						"search"
					]
				}
			},
			"response": []
		},
		{
			"name": "R -recibo",
			"request": {
				"auth": {
					"type": "basic",
					"basic": [
						{
							"key": "password",
							"value": "demouser",
							"type": "string"
						},
						{
							"key": "username",
							"value": "demo",
							"type": "string"
						}
					]
				},
				"method": "POST",
				"header": [],
				"body": {
					"mode": "raw",
					"raw": "{\r\n    \"filter\": {\r\n    },\r\n    \"columns\": [\"rcp_id\",\"rcp_date\",\"rcp_bkg_id\",\"rcp_total_services\",\"rcp_days\",\"rcp_total_room\",\"rcp_total\"]\r\n}",
					"options": {
						"raw": {
							"language": "json"
						}
					}
				},
				"url": {
					"raw": "http://localhost:33333/receipts/receipt/search",
					"protocol": "http",
					"host": [
						"localhost"
					],
					"port": "33333",
					"path": [
						"receipts",
						"receipt",
						"search"
					]
				}
			},
			"response": []
		},
		{
			"name": "R- all receipts",
			"request": {
				"auth": {
					"type": "basic",
					"basic": [
						{
							"key": "password",
							"value": "demouser",
							"type": "string"
						},
						{
							"key": "username",
							"value": "demo",
							"type": "string"
						}
					]
				},
				"method": "GET",
				"header": [],
				"url": {
					"raw": "http://localhost:33333/receipts/receipt?columns=rcp_id,rcp_date,rcp_bkg_id,rcp_total_services,rcp_days,rcp_total_room,rcp_total",
					"protocol": "http",
					"host": [
						"localhost"
					],
					"port": "33333",
					"path": [
						"receipts",
						"receipt"
					],
					"query": [
						{
							"key": "columns",
							"value": "rcp_id,rcp_date,rcp_bkg_id,rcp_total_services,rcp_days,rcp_total_room,rcp_total"
						}
					]
				}
			},
			"response": []
		},
		{
			"name": "D - receipt",
			"request": {
				"auth": {
					"type": "basic",
					"basic": [
						{
							"key": "password",
							"value": "demouser",
							"type": "string"
						},
						{
							"key": "username",
							"value": "demo",
							"type": "string"
						}
					]
				},
				"method": "DELETE",
				"header": [],
				"body": {
					"mode": "raw",
					"raw": "{\r\n    \"filter\": {\r\n     \"rcp_id\": 11\r\n    }\r\n}",
					"options": {
						"raw": {
							"language": "json"
						}
					}
				},
				"url": {
					"raw": "http://localhost:33333/receipts/receipt",
					"protocol": "http",
					"host": [
						"localhost"
					],
					"port": "33333",
					"path": [
						"receipts",
						"receipt"
					]
				}
			},
			"response": []
		}
	]
}