{
	"info": {
		"_postman_id": "4e19e1c3-ab5e-4608-9dbf-bf308afabe2a",
		"name": "Answers",
		"schema": "https://schema.getpostman.com/json/collection/v2.1.0/collection.json"
	},
	"item": [
		{
			"name": "-R",
			"request": {
				"auth": {
					"type": "basic",
					"basic": [
						{
							"key": "username",
							"value": "atom",
							"type": "string"
						},
						{
							"key": "password",
							"value": "123456",
							"type": "string"
						}
					]
				},
				"method": "POST",
				"header": [],
				"body": {
					"mode": "raw",
					"raw": "{\r\n    \"filter\": {\r\n     \"ans_id\": 1\r\n    },\r\n    \"columns\": [\"ans_answer\",\"ans_id\",\"ans_user\",\"ans_public\"]\r\n}",
					"options": {
						"raw": {
							"language": "json"
						}
					}
				},
				"url": {
					"raw": "http://localhost:33333/answers/answer/search",
					"protocol": "http",
					"host": [
						"localhost"
					],
					"port": "33333",
					"path": [
						"answers",
						"answer",
						"search"
					]
				}
			},
			"response": []
		},
		{
			"name": "-R all",
			"request": {
				"auth": {
					"type": "basic",
					"basic": [
						{
							"key": "username",
							"value": "gerenteAtom01",
							"type": "string"
						},
						{
							"key": "password",
							"value": "123456",
							"type": "string"
						}
					]
				},
				"method": "POST",
				"header": [],
				"body": {
					"mode": "raw",
					"raw": "{\r\n    \"columns\": [\"ans_answer\",\"ans_id\",\"ans_user\",\"ans_public\"]\r\n}",
					"options": {
						"raw": {
							"language": "json"
						}
					}
				},
				"url": {
					"raw": "http://localhost:33333/answers/answer/search",
					"protocol": "http",
					"host": [
						"localhost"
					],
					"port": "33333",
					"path": [
						"answers",
						"answer",
						"search"
					]
				}
			},
			"response": []
		},
		{
			"name": "-R public",
			"request": {
				"auth": {
					"type": "basic",
					"basic": [
						{
							"key": "username",
							"value": "usuarioLibre",
							"type": "string"
						},
						{
							"key": "password",
							"value": "123456",
							"type": "string"
						}
					]
				},
				"method": "POST",
				"header": [],
				"body": {
					"mode": "raw",
					"raw": "{\r\n    \"columns\": [\"ans_answer\",\"ans_id\"]\r\n}",
					"options": {
						"raw": {
							"language": "json"
						}
					}
				},
				"url": {
					"raw": "http://localhost:33333/answers/answerPublic/search",
					"protocol": "http",
					"host": [
						"localhost"
					],
					"port": "33333",
					"path": [
						"answers",
						"answerPublic",
						"search"
					]
				}
			},
			"response": []
		},
		{
			"name": "-U",
			"request": {
				"auth": {
					"type": "basic",
					"basic": [
						{
							"key": "password",
							"value": "123456",
							"type": "string"
						},
						{
							"key": "username",
							"value": "gerenteAtom01",
							"type": "string"
						}
					]
				},
				"method": "PUT",
				"header": [],
				"body": {
					"mode": "raw",
					"raw": "{\r\n    \"filter\": {\r\n     \"ans_id\": 3\r\n    },\r\n    \"data\": {\r\n        \"ans_public\": 1\r\n    }     \r\n}",
					"options": {
						"raw": {
							"language": "json"
						}
					}
				},
				"url": {
					"raw": "http://localhost:33333/answers/answer/",
					"protocol": "http",
					"host": [
						"localhost"
					],
					"port": "33333",
					"path": [
						"answers",
						"answer",
						""
					]
				}
			},
			"response": []
		},
		{
			"name": "-D",
			"request": {
				"auth": {
					"type": "basic",
					"basic": [
						{
							"key": "password",
							"value": "demouser",
							"type": "string"
						},
						{
							"key": "username",
							"value": "demo",
							"type": "string"
						}
					]
				},
				"method": "DELETE",
				"header": [],
				"body": {
					"mode": "raw",
					"raw": "{\r\n    \"filter\": {\r\n     \"qst_id\": 2\r\n    }\r\n}",
					"options": {
						"raw": {
							"language": "json"
						}
					}
				},
				"url": {
					"raw": "http://localhost:33333/answers/answer/",
					"protocol": "http",
					"host": [
						"localhost"
					],
					"port": "33333",
					"path": [
						"answers",
						"answer",
						""
					]
				}
			},
			"response": []
		},
		{
			"name": "-C",
			"request": {
				"auth": {
					"type": "basic",
					"basic": [
						{
							"key": "username",
							"value": "personalAtom01",
							"type": "string"
						},
						{
							"key": "password",
							"value": "123456",
							"type": "string"
						}
					]
				},
				"method": "POST",
				"header": [],
				"body": {
					"mode": "raw",
					"raw": " {\r\n    \"data\": {\r\n        \"ans_answer\": \"puede\",\r\n        \"ans_qst_id\": 8\r\n    }       \r\n}",
					"options": {
						"raw": {
							"language": "json"
						}
					}
				},
				"url": {
					"raw": "http://localhost:33333/answers/answer/",
					"protocol": "http",
					"host": [
						"localhost"
					],
					"port": "33333",
					"path": [
						"answers",
						"answer",
						""
					]
				}
			},
			"response": []
		}
	],
	"auth": {
		"type": "basic",
		"basic": [
			{
				"key": "password",
				"value": "demouser",
				"type": "string"
			},
			{
				"key": "username",
				"value": "demo",
				"type": "string"
			}
		]
	},
	"event": [
		{
			"listen": "prerequest",
			"script": {
				"type": "text/javascript",
				"exec": [
					""
				]
			}
		},
		{
			"listen": "test",
			"script": {
				"type": "text/javascript",
				"exec": [
					""
				]
			}
		}
	]
}