{
	"info": {
		"_postman_id": "f3c77d7b-7b4e-4a2a-bcba-efca9f041f7a",
		"name": "BookingServicesExtra",
		"schema": "https://schema.getpostman.com/json/collection/v2.1.0/collection.json"
	},
	"item": [
		{
			"name": "-R all Relaciones",
			"protocolProfileBehavior": {
				"disableBodyPruning": true
			},
			"request": {
				"auth": {
					"type": "basic",
					"basic": [
						{
							"key": "password",
							"value": "demouser",
							"type": "string"
						},
						{
							"key": "username",
							"value": "demo",
							"type": "string"
						}
					]
				},
				"method": "GET",
				"header": [],
				"body": {
					"mode": "raw",
					"raw": "",
					"options": {
						"raw": {
							"language": "json"
						}
					}
				},
				"url": {
					"raw": "http://localhost:33333/bookingserviceextra/bookingServiceExtra?columns=bsx_id,bsx_bkg_id,bsx_sxt_id",
					"protocol": "http",
					"host": [
						"localhost"
					],
					"port": "33333",
					"path": [
						"bookingserviceextra",
						"bookingServiceExtra"
					],
					"query": [
						{
							"key": "columns",
							"value": "bsx_id,bsx_bkg_id,bsx_sxt_id"
						}
					]
				}
			},
			"response": []
		},
		{
			"name": "-D Relacion BookingServiceExtra",
			"request": {
				"auth": {
					"type": "basic",
					"basic": [
						{
							"key": "password",
							"value": "demouser",
							"type": "string"
						},
						{
							"key": "username",
							"value": "demo",
							"type": "string"
						}
					]
				},
				"method": "DELETE",
				"header": [],
				"body": {
					"mode": "raw",
					"raw": "{\r\n    \"filter\": {\r\n     \"bsx_id\":1\r\n    }\r\n}",
					"options": {
						"raw": {
							"language": "json"
						}
					}
				},
				"url": {
					"raw": "http://localhost:33333/bookingserviceextra/bookingServiceExtra",
					"protocol": "http",
					"host": [
						"localhost"
					],
					"port": "33333",
					"path": [
						"bookingserviceextra",
						"bookingServiceExtra"
					]
				}
			},
			"response": []
		},
		{
			"name": "-C Relacion BookingServiceExtra",
			"request": {
				"auth": {
					"type": "basic",
					"basic": [
						{
							"key": "password",
							"value": "demouser",
							"type": "string"
						},
						{
							"key": "username",
							"value": "demo",
							"type": "string"
						}
					]
				},
				"method": "POST",
				"header": [],
				"body": {
					"mode": "raw",
					"raw": "{\r\n    \"data\":{\r\n        \"bsx_bkg_id\": 2,\r\n        \"bsx_sxt_id\": 3,\r\n        \"bsx_units\": 2\r\n    }\r\n}",
					"options": {
						"raw": {
							"language": "json"
						}
					}
				},
				"url": {
					"raw": "http://localhost:33333/bookingserviceextra/bookingServiceExtra",
					"protocol": "http",
					"host": [
						"localhost"
					],
					"port": "33333",
					"path": [
						"bookingserviceextra",
						"bookingServiceExtra"
					]
				}
			},
			"response": []
		},
		{
			"name": "-R filtro por reserva - servicios extra",
			"request": {
				"auth": {
					"type": "basic",
					"basic": [
						{
							"key": "password",
							"value": "demouser",
							"type": "string"
						},
						{
							"key": "username",
							"value": "demo",
							"type": "string"
						}
					]
				},
				"method": "POST",
				"header": [],
				"body": {
					"mode": "raw",
					"raw": "{\r\n    \"filter\": {\r\n     \"bsx_id\": 4\r\n    },\r\n    \"columns\":[\"bsx_bkg_id\",\"bsx_sxt_id\",\"bsx_units\",\"bsx_precio\",\"bsx_date\"]\r\n}",
					"options": {
						"raw": {
							"language": "json"
						}
					}
				},
				"url": {
					"raw": "http://localhost:33333/bookingserviceextra/bookingServiceExtra/search",
					"protocol": "http",
					"host": [
						"localhost"
					],
					"port": "33333",
					"path": [
						"bookingserviceextra",
						"bookingServiceExtra",
						"search"
					]
				}
			},
			"response": []
		}
	],
	"auth": {
		"type": "basic",
		"basic": [
			{
				"key": "password",
				"value": "demouser",
				"type": "string"
			},
			{
				"key": "username",
				"value": "demo",
				"type": "string"
			}
		]
	},
	"event": [
		{
			"listen": "prerequest",
			"script": {
				"type": "text/javascript",
				"exec": [
					""
				]
			}
		},
		{
			"listen": "test",
			"script": {
				"type": "text/javascript",
				"exec": [
					""
				]
			}
		}
	]
}