{
	"info": {
		"_postman_id": "f957b35f-cf84-4ce0-a8a2-211e18765aeb",
		"name": "departments",
		"schema": "https://schema.getpostman.com/json/collection/v2.1.0/collection.json"
	},
	"item": [
		{
			"name": "_ C department",
			"request": {
				"auth": {
					"type": "basic",
					"basic": [
						{
							"key": "username",
							"value": "atom",
							"type": "string"
						},
						{
							"key": "password",
							"value": "123456",
							"type": "string"
						}
					]
				},
				"method": "POST",
				"header": [],
				"body": {
					"mode": "raw",
					"raw": "{\"data\":\r\n    {\"dpt_name\":\"fiestas2\", \r\n    \"dpt_description\":\"para celebrar con la familia y amigos\"\r\n    }\r\n}",
					"options": {
						"raw": {
							"language": "json"
						}
					}
				},
				"url": {
					"raw": "localhost:33333/department/department",
					"host": [
						"localhost"
					],
					"port": "33333",
					"path": [
						"department",
						"department"
					]
				}
			},
			"response": []
		},
		{
			"name": "- R all departments",
			"request": {
				"auth": {
					"type": "basic",
					"basic": [
						{
							"key": "password",
							"value": "demouser",
							"type": "string"
						},
						{
							"key": "username",
							"value": "demo",
							"type": "string"
						}
					]
				},
				"method": "GET",
				"header": [],
				"url": {
					"raw": "http://localhost:33333/department/department?columns=dpt_id,dpt_name,dpt_description",
					"protocol": "http",
					"host": [
						"localhost"
					],
					"port": "33333",
					"path": [
						"department",
						"department"
					],
					"query": [
						{
							"key": "columns",
							"value": "dpt_id,dpt_name,dpt_description"
						}
					]
				}
			},
			"response": []
		},
		{
			"name": "- R all departments",
			"request": {
				"auth": {
					"type": "basic",
					"basic": [
						{
							"key": "username",
							"value": "personalAtom01",
							"type": "string"
						},
						{
							"key": "password",
							"value": "123456",
							"type": "string"
						}
					]
				},
				"method": "POST",
				"header": [],
				"body": {
					"mode": "raw",
					"raw": "{\r\n \"columns\": [\"dpt_id\", \"dpt_name\", \"dpt_description\"]\r\n}",
					"options": {
						"raw": {
							"language": "json"
						}
					}
				},
				"url": {
					"raw": "http://localhost:33333/department/department/search",
					"protocol": "http",
					"host": [
						"localhost"
					],
					"port": "33333",
					"path": [
						"department",
						"department",
						"search"
					]
				}
			},
			"response": []
		},
		{
			"name": "- U department",
			"request": {
				"auth": {
					"type": "basic",
					"basic": [
						{
							"key": "username",
							"value": "personalAtom01",
							"type": "string"
						},
						{
							"key": "password",
							"value": "1253456",
							"type": "string"
						}
					]
				},
				"method": "PUT",
				"header": [],
				"body": {
					"mode": "raw",
					"raw": " {\r\n    \"filter\": {\r\n        \"dpt_id\": 14\r\n    },\r\n    \"data\":  {\r\n    \"dpt_name\":\"el bueno\", \r\n    \"dpt_description\":\"el mejor\"\r\n    }\r\n}",
					"options": {
						"raw": {
							"language": "json"
						}
					}
				},
				"url": {
					"raw": "http://localhost:33333/department/department",
					"protocol": "http",
					"host": [
						"localhost"
					],
					"port": "33333",
					"path": [
						"department",
						"department"
					]
				}
			},
			"response": []
		},
		{
			"name": "- D department",
			"request": {
				"method": "DELETE",
				"header": [],
				"url": {
					"raw": ""
				}
			},
			"response": []
		}
	],
	"auth": {
		"type": "basic",
		"basic": [
			{
				"key": "password",
				"value": "demouser",
				"type": "string"
			},
			{
				"key": "username",
				"value": "demo",
				"type": "string"
			}
		]
	},
	"event": [
		{
			"listen": "prerequest",
			"script": {
				"type": "text/javascript",
				"exec": [
					""
				]
			}
		},
		{
			"listen": "test",
			"script": {
				"type": "text/javascript",
				"exec": [
					""
				]
			}
		}
	]
}