{
	"info": {
		"_postman_id": "ed0322e4-f262-4639-9bf0-c45d44c1d6dc",
		"name": "Employee",
		"schema": "https://schema.getpostman.com/json/collection/v2.1.0/collection.json",
		"_exporter_id": "22294604"
	},
	"item": [
		{
			"name": "-C employee",
			"request": {
				"auth": {
					"type": "basic",
					"basic": [
						{
							"key": "password",
							"value": "123456",
							"type": "string"
						},
						{
							"key": "username",
							"value": "atom",
							"type": "string"
						}
					]
				},
				"method": "POST",
				"header": [],
				"body": {
					"mode": "raw",
					"raw": "{\"data\":\r\n    {\"emp_name\":\"Armando\",\r\n    \"emp_surname\": \"Castro Blanco\",\r\n    \"emp_identity_document\": \"99999999R\",\r\n    \"emp_social_security_number\": \"25646464646665\",\r\n    \"emp_salary\": 1800.35,\r\n    \"emp_phone_number\": \"667880938\",\r\n    \"emp_account_number\": \"3697/5656/8856/4100\",\r\n    \"emp_email\": \"cesarbouzaspaw@gmail.com\",\r\n    \"emp_city\": \"OLEIROS\",\r\n    \"emp_state\": \"A Coruna\",\r\n    \"emp_address\": \"Ernesto che Guevara 153\",\r\n    \"emp_zip_code\": \"15179\",\r\n    \"emp_dpt_id\": 2,\r\n    \"emp_htl_id\": 1,\r\n    \"emp_cnt_iso\":\"ES\",\r\n    \"emp_hiring\":\"2022-08-12\"\r\n    \r\n    }\r\n}",
					"options": {
						"raw": {
							"language": "json"
						}
					}
				},
				"url": {
					"raw": "http://localhost:33333/employees/employee",
					"protocol": "http",
					"host": [
						"localhost"
					],
					"port": "33333",
					"path": [
						"employees",
						"employee"
					]
				}
			},
			"response": []
		},
		{
			"name": "-R all employee",
			"request": {
				"auth": {
					"type": "basic",
					"basic": [
						{
							"key": "password",
							"value": "123456",
							"type": "string"
						},
						{
							"key": "username",
							"value": "atom",
							"type": "string"
						}
					]
				},
				"method": "GET",
				"header": [],
				"url": {
					"raw": "http://localhost:33333/employees/employee?columns=emp_id,emp_name,emp_surname,emp_identity_document,emp_social_security_number,emp_salary,emp_phone_number,emp_account_number,emp_email,emp_city,emp_state,emp_address,emp_zip_code,emp_dpt_id,emp_htl_id,emp_cnt_iso,emp_hiring,emp_fired",
					"protocol": "http",
					"host": [
						"localhost"
					],
					"port": "33333",
					"path": [
						"employees",
						"employee"
					],
					"query": [
						{
							"key": "columns",
							"value": "emp_id,emp_name,emp_surname,emp_identity_document,emp_social_security_number,emp_salary,emp_phone_number,emp_account_number,emp_email,emp_city,emp_state,emp_address,emp_zip_code,emp_dpt_id,emp_htl_id,emp_cnt_iso,emp_hiring,emp_fired"
						}
					]
				}
			},
			"response": []
		},
		{
			"name": "-R Employee for DNI",
			"request": {
				"auth": {
					"type": "basic",
					"basic": [
						{
							"key": "password",
							"value": "123456",
							"type": "string"
						},
						{
							"key": "username",
							"value": "atom",
							"type": "string"
						}
					]
				},
				"method": "POST",
				"header": [],
				"body": {
					"mode": "raw",
					"raw": "{\r\n    \"filter\": {  \r\n     \"emp_identity_document\": \"34896415X\"\r\n    },\r\n    \"columns\": [\"emp_id\",\"emp_name\",\"emp_hiring\",\"emp_fired\"]\r\n}",
					"options": {
						"raw": {
							"language": "json"
						}
					}
				},
				"url": {
					"raw": "http://localhost:33333/employees/employee/search",
					"protocol": "http",
					"host": [
						"localhost"
					],
					"port": "33333",
					"path": [
						"employees",
						"employee",
						"search"
					]
				}
			},
			"response": []
		},
		{
			"name": "-U Employee",
			"request": {
				"auth": {
					"type": "basic",
					"basic": [
						{
							"key": "password",
							"value": "123456",
							"type": "string"
						},
						{
							"key": "username",
							"value": "atom",
							"type": "string"
						}
					]
				},
				"method": "PUT",
				"header": [],
				"body": {
					"mode": "raw",
					"raw": "{\r\n    \"filter\":{\r\n        \"emp_identity_document\":\"99999999R\"\r\n        \r\n},\r\n\"data\":{\r\n   \"emp_fired\" :\"2021-08-11\"\r\n}\r\n}",
					"options": {
						"raw": {
							"language": "json"
						}
					}
				},
				"url": {
					"raw": "http://localhost:33333/employees/employee",
					"protocol": "http",
					"host": [
						"localhost"
					],
					"port": "33333",
					"path": [
						"employees",
						"employee"
					]
				}
			},
			"response": []
		},
		{
			"name": "-U Fired now",
			"request": {
				"auth": {
					"type": "basic",
					"basic": [
						{
							"key": "password",
							"value": "123456",
							"type": "string"
						},
						{
							"key": "username",
							"value": "atom",
							"type": "string"
						}
					]
				},
				"method": "PUT",
				"header": [],
				"body": {
					"mode": "raw",
					"raw": "{\r\n    \"filter\":{\r\n        \"emp_identity_document\":\"99999999R\"\r\n        \r\n},\r\n\"data\":{\r\n   \r\n}\r\n}",
					"options": {
						"raw": {
							"language": "json"
						}
					}
				},
				"url": {
					"raw": "http://localhost:33333/employees/employeeFired",
					"protocol": "http",
					"host": [
						"localhost"
					],
					"port": "33333",
					"path": [
						"employees",
						"employeeFired"
					]
				}
			},
			"response": []
		}
	],
	"auth": {
		"type": "basic",
		"basic": [
			{
				"key": "password",
				"value": "demouser",
				"type": "string"
			},
			{
				"key": "username",
				"value": "demo",
				"type": "string"
			}
		]
	},
	"event": [
		{
			"listen": "prerequest",
			"script": {
				"type": "text/javascript",
				"exec": [
					""
				]
			}
		},
		{
			"listen": "test",
			"script": {
				"type": "text/javascript",
				"exec": [
					""
				]
			}
		}
	]
}