{
	"info": {
		"_postman_id": "75bf4280-870d-48ad-a0d1-b1f915e4cc2d",
		"name": "Hotels",
		"schema": "https://schema.getpostman.com/json/collection/v2.1.0/collection.json"
	},
	"item": [
		{
			"name": "-C hotel",
			"event": [
				{
					"listen": "test",
					"script": {
						"exec": [
							""
						],
						"type": "text/javascript"
					}
				}
			],
			"request": {
				"auth": {
					"type": "basic",
					"basic": [
						{
							"key": "username",
							"value": "atom",
							"type": "string"
						},
						{
							"key": "password",
							"value": "123456",
							"type": "string"
						}
					]
				},
				"method": "POST",
				"header": [],
				"body": {
					"mode": "raw",
					"raw": "{\r\n    \"data\": {\r\n        \"htl_name\": \"Atom 2324\",\r\n        \"htl_street\": \"Plaza de España 1\",\r\n        \"htl_city\": \"Vigo\",\r\n        \"htl_postal_code\": \"36201\",\r\n        \"htl_state\": \"Galicia\",\r\n        \"htl_cnt_iso\": \"ES\",\r\n        \"htl_phone\": \"987 654 321\",\r\n        \"htl_email\": \"hi@atom01.com\",\r\n        \"htl_description\": \"Nuevo hotel de lujo.\",\r\n        \"htl_is_open\": 1\r\n    }\r\n}",
					"options": {
						"raw": {
							"language": "json"
						}
					}
				},
				"url": {
					"raw": "http://localhost:33333/hotels/hotel",
					"protocol": "http",
					"host": [
						"localhost"
					],
					"port": "33333",
					"path": [
						"hotels",
						"hotel"
					]
				}
			},
			"response": []
		},
		{
			"name": "-R all hotels",
			"request": {
				"auth": {
					"type": "basic",
					"basic": [
						{
							"key": "password",
							"value": "demouser",
							"type": "string"
						},
						{
							"key": "username",
							"value": "demo",
							"type": "string"
						}
					]
				},
				"method": "GET",
				"header": [],
				"url": {
					"raw": "http://localhost:33333/hotels/hotel?columns=htl_id,htl_name,htl_city,htl_postal_code,htl_state,htl_country,htl_phone,htl_email,htl_description,htl_is_open",
					"protocol": "http",
					"host": [
						"localhost"
					],
					"port": "33333",
					"path": [
						"hotels",
						"hotel"
					],
					"query": [
						{
							"key": "columns",
							"value": "htl_id,htl_name,htl_city,htl_postal_code,htl_state,htl_country,htl_phone,htl_email,htl_description,htl_is_open"
						}
					]
				}
			},
			"response": []
		},
		{
			"name": "-R hotel",
			"event": [
				{
					"listen": "test",
					"script": {
						"exec": [
							""
						],
						"type": "text/javascript"
					}
				}
			],
			"request": {
				"auth": {
					"type": "basic",
					"basic": [
						{
							"key": "username",
							"value": "usuarioLibre",
							"type": "string"
						},
						{
							"key": "password",
							"value": "123456",
							"type": "string"
						}
					]
				},
				"method": "POST",
				"header": [],
				"body": {
					"mode": "raw",
					"raw": "{\r\n    \"filter\": {\r\n     \"htl_id\": 1\r\n    },\r\n    \"columns\": [\"htl_id\",\"htl_name\",\"htl_city\",\"htl_postal_code\",\"htl_state\",\"htl_cnt_iso\",\"htl_phone\",\"htl_email\",\r\n                \"htl_description\",\"htl_is_open\"]\r\n}",
					"options": {
						"raw": {
							"language": "json"
						}
					}
				},
				"url": {
					"raw": "http://localhost:33333/hotels/hotel/search",
					"protocol": "http",
					"host": [
						"localhost"
					],
					"port": "33333",
					"path": [
						"hotels",
						"hotel",
						"search"
					]
				}
			},
			"response": []
		},
		{
			"name": "-R hotel Copy",
			"event": [
				{
					"listen": "test",
					"script": {
						"exec": [
							""
						],
						"type": "text/javascript"
					}
				}
			],
			"request": {
				"auth": {
					"type": "basic",
					"basic": [
						{
							"key": "username",
							"value": "gerenteAtom01",
							"type": "string"
						},
						{
							"key": "password",
							"value": "123456",
							"type": "string"
						}
					]
				},
				"method": "POST",
				"header": [],
				"body": {
					"mode": "raw",
					"raw": "{\r\n    \"filter\": {\r\n     \"htl_id\": 1\r\n    },\r\n    \"columns\": [\"htl_id\",\"htl_name\",\"htl_city\",\"htl_postal_code\",\"htl_state\",\"htl_cnt_iso\",\"htl_phone\",\"htl_email\",\r\n                \"htl_description\",\"htl_is_open\"]\r\n}",
					"options": {
						"raw": {
							"language": "json"
						}
					}
				},
				"url": {
					"raw": "http://localhost:33333/hotels/hotel/search",
					"protocol": "http",
					"host": [
						"localhost"
					],
					"port": "33333",
					"path": [
						"hotels",
						"hotel",
						"search"
					]
				}
			},
			"response": []
		},
		{
			"name": "-R all hotel",
			"event": [
				{
					"listen": "test",
					"script": {
						"exec": [
							""
						],
						"type": "text/javascript"
					}
				}
			],
			"request": {
				"auth": {
					"type": "basic",
					"basic": [
						{
							"key": "password",
							"value": "123456",
							"type": "string"
						},
						{
							"key": "username",
							"value": "usuarioLibre",
							"type": "string"
						}
					]
				},
				"method": "POST",
				"header": [],
				"body": {
					"mode": "raw",
					"raw": "{\r\n  \"columns\": [\"htl_id\",\"htl_name\",\"htl_city\",\"htl_postal_code\",\"htl_state\",\"htl_cnt_iso\",\"htl_phone\",\"htl_email\",\r\n                \"htl_description\",\"htl_is_open\"]\r\n                }",
					"options": {
						"raw": {
							"language": "json"
						}
					}
				},
				"url": {
					"raw": "http://localhost:33333/hotels/hotel/search",
					"protocol": "http",
					"host": [
						"localhost"
					],
					"port": "33333",
					"path": [
						"hotels",
						"hotel",
						"search"
					]
				}
			},
			"response": []
		},
		{
			"name": "-U hotel",
			"event": [
				{
					"listen": "test",
					"script": {
						"exec": [
							""
						],
						"type": "text/javascript"
					}
				}
			],
			"request": {
				"auth": {
					"type": "basic",
					"basic": [
						{
							"key": "username",
							"value": "atom",
							"type": "string"
						},
						{
							"key": "password",
							"value": "123456",
							"type": "string"
						}
					]
				},
				"method": "PUT",
				"header": [],
				"body": {
					"mode": "raw",
					"raw": "{\r\n    \"filter\": {\r\n     \"htl_id\": 1\r\n    },\r\n    \"data\": {\r\n        \"htl_name\": \"Atom01updated3\",\r\n        \"htl_is_open\": 0\r\n    }\r\n}",
					"options": {
						"raw": {
							"language": "json"
						}
					}
				},
				"url": {
					"raw": "http://localhost:33333/hotels/hotel",
					"protocol": "http",
					"host": [
						"localhost"
					],
					"port": "33333",
					"path": [
						"hotels",
						"hotel"
					]
				}
			},
			"response": []
		},
		{
			"name": "-D hotel Copy",
			"event": [
				{
					"listen": "test",
					"script": {
						"exec": [
							""
						],
						"type": "text/javascript"
					}
				}
			],
			"request": {
				"method": "DELETE",
				"header": [],
				"body": {
					"mode": "raw",
					"raw": "{\r\n    \"filter\": {\r\n     \"htl_id\": 2\r\n    }\r\n}",
					"options": {
						"raw": {
							"language": "json"
						}
					}
				},
				"url": {
					"raw": "http://localhost:33333/hotels/hotel",
					"protocol": "http",
					"host": [
						"localhost"
					],
					"port": "33333",
					"path": [
						"hotels",
						"hotel"
					]
				}
			},
			"response": []
		}
	],
	"auth": {
		"type": "basic",
		"basic": [
			{
				"key": "password",
				"value": "demouser",
				"type": "string"
			},
			{
				"key": "username",
				"value": "demo",
				"type": "string"
			}
		]
	},
	"event": [
		{
			"listen": "prerequest",
			"script": {
				"type": "text/javascript",
				"exec": [
					""
				]
			}
		},
		{
			"listen": "test",
			"script": {
				"type": "text/javascript",
				"exec": [
					""
				]
			}
		}
	]
}