{
	"info": {
		"_postman_id": "bd8aeda4-6318-4c00-8cfd-d8667c5de7e5",
		"name": "Point of Interes",
		"schema": "https://schema.getpostman.com/json/collection/v2.1.0/collection.json",
		"_exporter_id": "15674806"
	},
	"item": [
		{
			"name": "Points of interes",
			"request": {
				"auth": {
					"type": "basic",
					"basic": [
						{
							"key": "username",
							"value": "usuarioLibre",
							"type": "string"
						},
						{
							"key": "password",
							"value": "123456",
							"type": "string"
						}
					]
				},
				"method": "POST",
				"header": [],
				"body": {
					"mode": "raw",
					"raw": "{\r\n    \"filter\": {\r\n     \"htl_id\":9,\r\n     \"category\":\"SIGHTS,NIGHTLIFE\",\r\n     \"radius\":\"1\"\r\n    }\r\n}",
					"options": {
						"raw": {
							"language": "json"
						}
					}
				},
				"url": {
					"raw": "http://localhost:33333/hotels/poi/search",
					"protocol": "http",
					"host": [
						"localhost"
					],
					"port": "33333",
					"path": [
						"hotels",
						"poi",
						"search"
					]
				}
			},
			"response": []
		}
	],
	"event": [
		{
			"listen": "prerequest",
			"script": {
				"type": "text/javascript",
				"exec": [
					""
				]
			}
		},
		{
			"listen": "test",
			"script": {
				"type": "text/javascript",
				"exec": [
					""
				]
			}
		}
	]
}