{
	"info": {
		"_postman_id": "3444ebec-d950-42e6-a893-8b0dd18ac698",
		"name": "Statistics",
		"schema": "https://schema.getpostman.com/json/collection/v2.1.0/collection.json"
	},
	"item": [
		{
			"name": "R - hotelMaximumCapacity",
			"request": {
				"auth": {
					"type": "basic",
					"basic": [
						{
							"key": "username",
							"value": "gerenteAtom01",
							"type": "string"
						},
						{
							"key": "password",
							"value": "123456",
							"type": "string"
						}
					]
				},
				"method": "POST",
				"header": [],
				"body": {
					"mode": "raw",
					"raw": "{\r\n    \"filter\":{\r\n        \"htl_id\":1\r\n    }\r\n}",
					"options": {
						"raw": {
							"language": "json"
						}
					}
				},
				"url": {
					"raw": "http://localhost:33333/statistics/hotelMaximumCapacity/search",
					"protocol": "http",
					"host": [
						"localhost"
					],
					"port": "33333",
					"path": [
						"statistics",
						"hotelMaximumCapacity",
						"search"
					]
				}
			},
			"response": []
		},
		{
			"name": "R - all hotelMaximumCapacity",
			"request": {
				"auth": {
					"type": "basic",
					"basic": [
						{
							"key": "password",
							"value": "123456",
							"type": "string"
						},
						{
							"key": "username",
							"value": "atom",
							"type": "string"
						}
					]
				},
				"method": "POST",
				"header": [],
				"body": {
					"mode": "raw",
					"raw": "{\r\n\r\n}",
					"options": {
						"raw": {
							"language": "json"
						}
					}
				},
				"url": {
					"raw": "http://localhost:33333/statistics/hotelMaximumCapacity/search",
					"protocol": "http",
					"host": [
						"localhost"
					],
					"port": "33333",
					"path": [
						"statistics",
						"hotelMaximumCapacity",
						"search"
					]
				}
			},
			"response": []
		},
		{
			"name": "R- hotelOccupancyPercentage",
			"request": {
				"auth": {
					"type": "basic",
					"basic": [
						{
							"key": "username",
							"value": "gerenteAtom02",
							"type": "string"
						},
						{
							"key": "password",
							"value": "123456",
							"type": "string"
						}
					]
				},
				"method": "POST",
				"header": [],
				"body": {
					"mode": "raw",
					"raw": "{\r\n    \"filter\":{\r\n        \"from\":\"2019-12-12\",\r\n        \"to\":\"2025-12-12\",\r\n        \"htl_id\":1\r\n    }\r\n}",
					"options": {
						"raw": {
							"language": "json"
						}
					}
				},
				"url": {
					"raw": "http://localhost:33333/statistics/hotelOccupancyPercentage/search",
					"protocol": "http",
					"host": [
						"localhost"
					],
					"port": "33333",
					"path": [
						"statistics",
						"hotelOccupancyPercentage",
						"search"
					]
				}
			},
			"response": []
		},
		{
			"name": "R- all hotelOccupancyPercentage",
			"request": {
				"auth": {
					"type": "basic",
					"basic": [
						{
							"key": "password",
							"value": "123456",
							"type": "string"
						},
						{
							"key": "username",
							"value": "atom",
							"type": "string"
						}
					]
				},
				"method": "POST",
				"header": [],
				"body": {
					"mode": "raw",
					"raw": "{\r\n    \"filter\":{\r\n        \"from\":\"2019-12-12\",\r\n        \"to\":\"2025-12-12\"\r\n    }\r\n}",
					"options": {
						"raw": {
							"language": "json"
						}
					}
				},
				"url": {
					"raw": "http://localhost:33333/statistics/hotelOccupancyPercentage/search",
					"protocol": "http",
					"host": [
						"localhost"
					],
					"port": "33333",
					"path": [
						"statistics",
						"hotelOccupancyPercentage",
						"search"
					]
				}
			},
			"response": []
		},
		{
			"name": "R - hotel Capacity in date range",
			"request": {
				"auth": {
					"type": "basic",
					"basic": [
						{
							"key": "password",
							"value": "123456",
							"type": "string"
						},
						{
							"key": "username",
							"value": "atom",
							"type": "string"
						}
					]
				},
				"method": "POST",
				"header": [],
				"body": {
					"mode": "raw",
					"raw": "{\r\n \"filter\":{\r\n     \"from\":\"2022-12-12\",\r\n     \"to\":\"2022-12-13\",\r\n     \"htl_id\":2\r\n }\r\n}",
					"options": {
						"raw": {
							"language": "json"
						}
					}
				},
				"url": {
					"raw": "http://localhost:33333/statistics/hotelCapacityInDateRange/search",
					"protocol": "http",
					"host": [
						"localhost"
					],
					"port": "33333",
					"path": [
						"statistics",
						"hotelCapacityInDateRange",
						"search"
					]
				}
			},
			"response": []
		},
		{
			"name": "R - departmentExpensesByHotel",
			"request": {
				"auth": {
					"type": "basic",
					"basic": [
						{
							"key": "username",
							"value": "gerenteAtom01",
							"type": "string"
						},
						{
							"key": "password",
							"value": "123456",
							"type": "string"
						}
					]
				},
				"method": "POST",
				"header": [],
				"body": {
					"mode": "raw",
					"raw": "{\r\n    \"filter\":{\r\n        \"from\":\"2022-08-09\",\r\n        \"to\":\"2022-08-15\",\r\n        \"htl_id\":1\r\n    }\r\n}",
					"options": {
						"raw": {
							"language": "json"
						}
					}
				},
				"url": {
					"raw": "http://localhost:33333/statistics/departmentExpensesByHotel/search",
					"protocol": "http",
					"host": [
						"localhost"
					],
					"port": "33333",
					"path": [
						"statistics",
						"departmentExpensesByHotel",
						"search"
					]
				}
			},
			"response": []
		},
		{
			"name": "R- roomsIncomeByHotel",
			"request": {
				"auth": {
					"type": "basic",
					"basic": [
						{
							"key": "username",
							"value": "gerenteAtom02",
							"type": "string"
						},
						{
							"key": "password",
							"value": "123456",
							"type": "string"
						}
					]
				},
				"method": "POST",
				"header": [],
				"body": {
					"mode": "raw",
					"raw": "{\r\n    \"filter\":{\r\n        \"from\":\"2022-08-09\",\r\n        \"to\":\"2022-08-15\"        \r\n    }\r\n}",
					"options": {
						"raw": {
							"language": "json"
						}
					}
				},
				"url": {
					"raw": "http://localhost:33333/statistics/roomsIncomeByHotel/search",
					"protocol": "http",
					"host": [
						"localhost"
					],
					"port": "33333",
					"path": [
						"statistics",
						"roomsIncomeByHotel",
						"search"
					]
				}
			},
			"response": []
		},
		{
			"name": "R- all roomsIncomeByHotel",
			"request": {
				"auth": {
					"type": "basic",
					"basic": [
						{
							"key": "password",
							"value": "123456",
							"type": "string"
						},
						{
							"key": "username",
							"value": "atom",
							"type": "string"
						}
					]
				},
				"method": "POST",
				"header": [],
				"body": {
					"mode": "raw",
					"raw": "{\r\n    \"filter\":{\r\n        \"from\":\"2022-08-09\",\r\n        \"to\":\"2022-08-15\"\r\n    }\r\n}",
					"options": {
						"raw": {
							"language": "json"
						}
					}
				},
				"url": {
					"raw": "http://localhost:33333/statistics/roomsIncomeByHotel/search",
					"protocol": "http",
					"host": [
						"localhost"
					],
					"port": "33333",
					"path": [
						"statistics",
						"roomsIncomeByHotel",
						"search"
					]
				}
			},
			"response": []
		},
		{
			"name": "R- servicesExtraIncomeByHotel",
			"request": {
				"auth": {
					"type": "basic",
					"basic": [
						{
							"key": "username",
							"value": "gerenteAtom01",
							"type": "string"
						},
						{
							"key": "password",
							"value": "123456",
							"type": "string"
						}
					]
				},
				"method": "POST",
				"header": [],
				"body": {
					"mode": "raw",
					"raw": "{\r\n    \"filter\":{\r\n        \"from\":\"2022-07-09\",\r\n        \"to\":\"2022-08-15\"\r\n    }\r\n}",
					"options": {
						"raw": {
							"language": "json"
						}
					}
				},
				"url": {
					"raw": "http://localhost:33333/statistics/servicesExtraIncomeByHotel/search",
					"protocol": "http",
					"host": [
						"localhost"
					],
					"port": "33333",
					"path": [
						"statistics",
						"servicesExtraIncomeByHotel",
						"search"
					]
				}
			},
			"response": []
		},
		{
			"name": "R - occupancyPercentageByNationality",
			"request": {
				"auth": {
					"type": "basic",
					"basic": [
						{
							"key": "username",
							"value": "gerenteAtom01",
							"type": "string"
						},
						{
							"key": "password",
							"value": "123456",
							"type": "string"
						}
					]
				},
				"method": "POST",
				"header": [],
				"body": {
					"mode": "raw",
					"raw": "{\r\n \"filter\":{\r\n     \"from\":\"2022-07-12\",\r\n     \"to\":\"2022-12-13\",\r\n     \"htl_id\":1\r\n }\r\n}",
					"options": {
						"raw": {
							"language": "json"
						}
					}
				},
				"url": {
					"raw": "http://localhost:33333/statistics/hotelOccupancyByNationalityPercentage/search",
					"protocol": "http",
					"host": [
						"localhost"
					],
					"port": "33333",
					"path": [
						"statistics",
						"hotelOccupancyByNationalityPercentage",
						"search"
					]
				}
			},
			"response": []
		},
		{
			"name": "R- incomeVsExpensesByHotel",
			"request": {
				"auth": {
					"type": "basic",
					"basic": [
						{
							"key": "username",
							"value": "gerenteAtom01",
							"type": "string"
						},
						{
							"key": "password",
							"value": "123456",
							"type": "string"
						}
					]
				},
				"method": "POST",
				"header": [],
				"body": {
					"mode": "raw",
					"raw": "{\r\n \"filter\":{\r\n     \"from\":\"2020-07-12\",\r\n     \"to\":\"2022-12-12\",\r\n     \"htl_id\":1\r\n }\r\n}",
					"options": {
						"raw": {
							"language": "json"
						}
					}
				},
				"url": {
					"raw": "http://localhost:33333/statistics/incomeVsExpensesByHotel/search",
					"protocol": "http",
					"host": [
						"localhost"
					],
					"port": "33333",
					"path": [
						"statistics",
						"incomeVsExpensesByHotel",
						"search"
					]
				}
			},
			"response": []
		},
		{
			"name": "R- all incomeVsExpensesByHotel",
			"request": {
				"auth": {
					"type": "basic",
					"basic": [
						{
							"key": "username",
							"value": "atom",
							"type": "string"
						},
						{
							"key": "password",
							"value": "123456",
							"type": "string"
						}
					]
				},
				"method": "POST",
				"header": [],
				"body": {
					"mode": "raw",
					"raw": "{\r\n \"filter\":{\r\n     \"from\":\"2020-07-12\",\r\n     \"to\":\"2022-12-12\"\r\n }\r\n}",
					"options": {
						"raw": {
							"language": "json"
						}
					}
				},
				"url": {
					"raw": "http://localhost:33333/statistics/incomeVsExpensesByHotel/search",
					"protocol": "http",
					"host": [
						"localhost"
					],
					"port": "33333",
					"path": [
						"statistics",
						"incomeVsExpensesByHotel",
						"search"
					]
				}
			},
			"response": []
		}
	]
}