{
	"info": {
		"_postman_id": "8c374c1e-df89-4f04-93bc-fbfd11095249",
		"name": "Users Roles",
		"schema": "https://schema.getpostman.com/json/collection/v2.1.0/collection.json"
	},
	"item": [
		{
			"name": "-C Role User",
			"request": {
				"auth": {
					"type": "basic",
					"basic": [
						{
							"key": "password",
							"value": "123456",
							"type": "string"
						},
						{
							"key": "username",
							"value": "atom",
							"type": "string"
						}
					]
				},
				"method": "POST",
				"header": [],
				"body": {
					"mode": "raw",
					"raw": " {\r\n    \"data\": {\r\n        \"user_\":\"asdasd\",\r\n        \"role\":\"CUSTOMER\"\r\n    }\r\n}",
					"options": {
						"raw": {
							"language": "json"
						}
					}
				},
				"url": {
					"raw": "http://localhost:33333/usersRoles/userRole",
					"protocol": "http",
					"host": [
						"localhost"
					],
					"port": "33333",
					"path": [
						"usersRoles",
						"userRole"
					]
				}
			},
			"response": []
		},
		{
			"name": "-R Role User",
			"event": [
				{
					"listen": "test",
					"script": {
						"exec": [
							""
						],
						"type": "text/javascript"
					}
				}
			],
			"request": {
				"auth": {
					"type": "basic",
					"basic": [
						{
							"key": "username",
							"value": "atom",
							"type": "string"
						},
						{
							"key": "password",
							"value": "123456",
							"type": "string"
						}
					]
				},
				"method": "POST",
				"header": [],
				"body": {
					"mode": "raw",
					"raw": "{\r\n    \"filter\": {\r\n     \"user_\": \"asdasd\"\r\n    }\r\n}",
					"options": {
						"raw": {
							"language": "json"
						}
					}
				},
				"url": {
					"raw": "http://localhost:33333/usersRoles/userRole/search",
					"protocol": "http",
					"host": [
						"localhost"
					],
					"port": "33333",
					"path": [
						"usersRoles",
						"userRole",
						"search"
					]
				}
			},
			"response": []
		},
		{
			"name": "-R all Role User",
			"event": [
				{
					"listen": "test",
					"script": {
						"exec": [
							""
						],
						"type": "text/javascript"
					}
				}
			],
			"request": {
				"auth": {
					"type": "basic",
					"basic": [
						{
							"key": "username",
							"value": "atom",
							"type": "string"
						},
						{
							"key": "password",
							"value": "123456",
							"type": "string"
						}
					]
				},
				"method": "POST",
				"header": [],
				"body": {
					"mode": "raw",
					"raw": "{\r\n}",
					"options": {
						"raw": {
							"language": "json"
						}
					}
				},
				"url": {
					"raw": "http://localhost:33333/usersRoles/userRole/search",
					"protocol": "http",
					"host": [
						"localhost"
					],
					"port": "33333",
					"path": [
						"usersRoles",
						"userRole",
						"search"
					]
				}
			},
			"response": []
		},
		{
			"name": "-D Role User",
			"event": [
				{
					"listen": "test",
					"script": {
						"exec": [
							""
						],
						"type": "text/javascript"
					}
				}
			],
			"request": {
				"method": "DELETE",
				"header": [],
				"body": {
					"mode": "raw",
					"raw": "{\r\n    \"filter\": {\r\n     \"user_\": \"asdasd\"\r\n    }\r\n}",
					"options": {
						"raw": {
							"language": "json"
						}
					}
				},
				"url": {
					"raw": "http://localhost:33333/usersRoles/userRole/",
					"protocol": "http",
					"host": [
						"localhost"
					],
					"port": "33333",
					"path": [
						"usersRoles",
						"userRole",
						""
					]
				}
			},
			"response": []
		}
	],
	"auth": {
		"type": "basic",
		"basic": [
			{
				"key": "password",
				"value": "123456",
				"type": "string"
			},
			{
				"key": "username",
				"value": "atom",
				"type": "string"
			}
		]
	},
	"event": [
		{
			"listen": "prerequest",
			"script": {
				"type": "text/javascript",
				"exec": [
					""
				]
			}
		},
		{
			"listen": "test",
			"script": {
				"type": "text/javascript",
				"exec": [
					""
				]
			}
		}
	]
}