<?xml version="1.0" encoding="UTF-8"?>
<JdbcEntitySetup xmlns="http://www.ontimize.com/schema/jdbc" xmlns:xsi="http://www.w3.org/2001/XMLSchema-instance" 
xsi:schemaLocation="http://www.ontimize.com/schema/jdbc http://www.ontimize.com/schema/jdbc/ontimize-jdbc-dao.xsd" 
catalog="" schema="${mainschema}" table="bookings" datasource="mainDataSource" sqlhandler="dbSQLStatementHandler">
	<DeleteKeys>		
		<Column>bkg_id</Column>
	</DeleteKeys>
	<UpdateKeys>		
		<Column>bkg_id</Column>
	</UpdateKeys>
	<GeneratedKey>bkg_id</GeneratedKey>
	<Queries>
		<Query id="default">
			<Sentence>
				<![CDATA[
				    SELECT
				     	#COLUMNS#
				    FROM
				     	bookings				   	
				   	LEFT JOIN rooms ON rm_id = bkg_rm_id				   						  
				    #WHERE#				    
			    ]]>
			</Sentence>
		</Query>		
		<Query id="queryInfoBooking">
			<Sentence>
				<![CDATA[
				    SELECT
				     	#COLUMNS#
				    FROM
				     	bookings
				   	LEFT JOIN customers ON cst_id = bkg_cst_id
				   	LEFT JOIN rooms ON rm_id = bkg_rm_id
				   	LEFT JOIN room_types ON rmt_id = rm_rmt_id		
				   	LEFT JOIN hotels ON htl_id = rm_htl_id    				    					    		
				    #WHERE#				    
				    
			    ]]>
			</Sentence>
		</Query>		
		<Query id="queryBasicBooking">
			<Sentence>
				<![CDATA[
				    SELECT
				     	#COLUMNS#
				    FROM
				     	bookings
				   	LEFT JOIN rooms ON rm_id = bkg_rm_id
				    #WHERE#				    
			    ]]>
			</Sentence>
		</Query>
		<Query id="queryDiasPrecioUnitarioHabitacion">
   <Sentence>
   <![CDATA[
     SELECT bkg_id, rmt_price, (CASE WHEN(bkg_checkout ::date - bkg_checkin::date)=0 THEN 1 ELSE (bkg_checkout ::date - bkg_checkin::date) END)AS rcp_days, bkg_checkout, bkg_checkin
     FROM public.bookings LEFT JOIN public.rooms ON bkg_rm_id = rm_id 
     LEFT JOIN public.room_types ON rmt_id = rm_rmt_id
     #WHERE#
   ]]>
   </Sentence>
  </Query>			
  <Query id="queryBookingsHotel">
			<Sentence>
				<![CDATA[
				    SELECT
				     	#COLUMNS#
				    FROM
				     	bookings
				   	LEFT JOIN rooms ON rm_id = bkg_rm_id
				   	LEFT JOIN hotels ON rm_htl_id=htl_id
				    #WHERE#				    
			    ]]>
			</Sentence>
		</Query>			
  <Query id="queryBookedRoomForAddingExtraServices">
			<Sentence>
				<![CDATA[
				    SELECT
				     	bkg_id, rm_htl_id, rm_number, rm_rmt_id, bkg_cst_id, bkg_rm_id, 
				     	bkg_observations, bkg_start,  bkg_end, bkg_checkin,  bkg_checkout, bkg_created, 
				     	rm_status, cst_name, cst_surname, cst_identity_document, cst_vat_number
				    FROM
				     	bookings
				   	LEFT JOIN rooms ON rm_id = bkg_rm_id
				   	LEFT JOIN customers ON bkg_cst_id = cst_id
				    WHERE bkg_canceled is null 
				    	AND bkg_checkout is null 
				    	AND bkg_checkin < now()
				    	AND bkg_end > now()	
				    #WHERE_CONCAT#
			    ]]>
			</Sentence>
		</Query>
		<Query id="queryBookingSlotsInfo">
			<Sentence>
				<![CDATA[
				    SELECT
				     	SUM(bdc_slots) as total_slots
				    FROM
				     	bookings
				   	LEFT JOIN rooms ON rm_id = bkg_rm_id
				   	LEFT JOIN room_types ON rmt_id = rm_rmt_id 
				   	LEFT JOIN beds_combo ON bdc_id = rmt_bdc_id  				    					    		
				    #WHERE#			
				    GROUP BY bkg_id	    
			    ]]>
			</Sentence>
		</Query>
	</Queries>			
</JdbcEntitySetup>


