<?xml version="1.0" encoding="UTF-8"?>
<JdbcEntitySetup xmlns="http://www.ontimize.com/schema/jdbc" xmlns:xsi="http://www.w3.org/2001/XMLSchema-instance" 
xsi:schemaLocation="http://www.ontimize.com/schema/jdbc http://www.ontimize.com/schema/jdbc/ontimize-jdbc-dao.xsd" 
catalog="" schema="${mainschema}" table="customers_creditcard" datasource="mainDataSource" sqlhandler="dbSQLStatementHandler">
	<DeleteKeys>
		<Column>cst_id</Column>
		<Column>crd_id</Column>
	</DeleteKeys>
	<UpdateKeys>
		<Column>cst_id</Column>
		<Column>crd_id</Column>
	</UpdateKeys>
	<Queries>

		<Query id="default">
			<Sentence>
				<![CDATA[
                    SELECT
				     	#COLUMNS#					                          
                    FROM ${mainschema}.customers_creditcard ccc
                    LEFT JOIN customers cst USING(cst_id)
                    LEFT JOIN creditcard cc USING(crd_id)
                    #WHERE#
                    #ORDER#
                ]]>
			</Sentence>
		</Query>
	</Queries>
</JdbcEntitySetup>