<?xml version="1.0" encoding="UTF-8"?>
<JdbcEntitySetup xmlns="http://www.ontimize.com/schema/jdbc" xmlns:xsi="http://www.w3.org/2001/XMLSchema-instance" xsi:schemaLocation="http://www.ontimize.com/schema/jdbc http://www.ontimize.com/schema/jdbc/ontimize-jdbc-dao.xsd" catalog="" schema="${mainschema}" table="employeesphotos" datasource="mainDataSource" sqlhandler="dbSQLStatementHandler">
	<DeleteKeys>
		<Column>pct_emp_dni</Column>
	</DeleteKeys>
	<UpdateKeys>
		<Column>pct_emp_dni</Column>
	</UpdateKeys>
	<GeneratedKey>pct_id</GeneratedKey>
	<Queries>
		<Query id="default">
			<Sentence>
				<![CDATA[
				    SELECT
				     	#COLUMNS#
				    FROM
				     	employeesphotos				   	
				   	LEFT JOIN employees ON pct_emp_dni = emp_identity_document				   						  
				    #WHERE#				    
			    ]]>
			</Sentence>
		</Query>
	</Queries>
</JdbcEntitySetup>