<?xml version="1.0" encoding="UTF-8"?>
<JdbcEntitySetup xmlns="http://www.ontimize.com/schema/jdbc" xmlns:xsi="http://www.w3.org/2001/XMLSchema-instance" 
xsi:schemaLocation="http://www.ontimize.com/schema/jdbc http://www.ontimize.com/schema/jdbc/ontimize-jdbc-dao.xsd" 
catalog="" schema="${mainschema}" table="hotels" datasource="mainDataSource" sqlhandler="dbSQLStatementHandler">
	<DeleteKeys>
		<Column>htl_id</Column>
	</DeleteKeys>
	<UpdateKeys>
		<Column>htl_id</Column>
	</UpdateKeys>
	<GeneratedKey>htl_id</GeneratedKey>	
	 <Queries>
  	<Query id="queryHotel">
   	<Sentence>
   	<![CDATA[
     SELECT
      #COLUMNS#
     FROM
      public.hotels
     #WHERE#
   ]]>
   </Sentence>
  </Query>
   <Query id="queryHotelMaximunCapacity">
  <Sentence>
  <![CDATA[
   SELECT htl_id,htl_name, htl_city, sum(bdc_slots) as htl_maximum_capacity
	FROM hotels 
	LEFT JOIN rooms ON rm_htl_id = htl_id
	LEFT JOIN room_types rmt ON rmt_id = rm_rmt_id
	LEFT JOIN beds_combo ON bdc_id = rmt_bdc_id
	#WHERE#
	GROUP BY htl_id
	ORDER BY htl_id
]]>
  </Sentence>
  </Query>
  <Query id="queryOccupancyPercentage">
  <Sentence>
  <![CDATA[
  	SELECT htl_id, htl_name, htl_city,capacity_in_date_range, occupancy_in_date_range, ROUND(((CAST(occupancy_in_date_range AS NUMERIC)/CAST(capacity_in_date_range AS NUMERIC))*100),4)  AS occupancy_percentage_in_date_range 
		FROM 
			(SELECT htl_id, htl_name, htl_city, sum(aux2.capacity) AS capacity_in_date_range, SUM(CASE WHEN aux2.ocupada= 'S' THEN aux2.capacity ELSE 0 END) AS occupancy_in_date_range
			FROM (
				SELECT htl_id, htl_name,htl_city,aux.rm_id, aux.capacity, days.fecha,(case when (select count(*) from bookings where bkg_rm_id = aux.rm_id and bkg_canceled is null and days.fecha>= DATE(bkg_start) and days.fecha<=DATE(bkg_end))= 0 then 'N' else 'S' end) as ocupada
				FROM hotels LEFT JOIN 
							(SELECT rm_htl_id, rm_id, sum(bdc_slots) AS capacity
    							FROM rooms
								LEFT JOIN room_types rmt ON rmt_id = rm_rmt_id
								LEFT JOIN beds_combo ON bdc_id = rmt_bdc_id
								GROUP BY rm_id
								ORDER BY rm_id) AS aux ON aux.rm_htl_id = htl_id,
				(select fecha::date from #GEN_SERIES# fecha) days
				) AS aux2
		GROUP BY htl_id, htl_name,htl_city) AS aux3
    ORDER BY  occupancy_percentage_in_date_range DESC NULLS LAST
    ]]>
    </Sentence>
    </Query>
          <Query id="queryCapacityInRange">
  <Sentence>
  <![CDATA[
  	SELECT htl_id, htl_name, htl_city, sum(aux2.capacity) AS capacity_in_date_range
			FROM (
				SELECT htl_id, htl_name, htl_city, aux.capacity, days.fecha,(case when (select count(*) from bookings where bkg_rm_id = aux.rm_id and bkg_canceled is null and days.fecha>= DATE(bkg_start) and days.fecha<=DATE(bkg_end)  )= 0 then 'N' else 'S' end) as ocupada
				FROM hotels LEFT JOIN 
							(SELECT rm_htl_id, rm_id, sum(bdc_slots) AS capacity
    							FROM rooms
								LEFT JOIN room_types rmt ON rmt_id = rm_rmt_id
								LEFT JOIN beds_combo ON bdc_id = rmt_bdc_id
								GROUP BY rm_id
								ORDER BY rm_id) AS aux ON aux.rm_htl_id = htl_id,
				(select fecha from #GEN_SERIES# fecha) days
				) AS aux2
		GROUP BY htl_id, htl_name,htl_city
		ORDER BY htl_id 
    ]]>
    </Sentence>
    </Query>
       <Query id="queryOccupancyByNationality">
  <Sentence>
  <![CDATA[
  	SELECT cst_cnt_iso, SUM(aux2.capacity) AS occupancy_in_date_range
	FROM 
		(SELECT cst_cnt_iso, bkg_id, days.fecha, aux.capacity, (case when (bkg_canceled is null and days.fecha>= DATE(bkg_start) and days.fecha<=DATE(bkg_end))=false then 'N' else 'S' end) as ocupada
		FROM bookings 
		JOIN customers ON bkg_cst_id = cst_id 
		JOIN 
			(SELECT rm_htl_id, rm_id, sum(bdc_slots) AS capacity
    		FROM rooms
			LEFT JOIN room_types rmt ON rmt_id = rm_rmt_id
			LEFT JOIN beds_combo ON bdc_id = rmt_bdc_id
			#WHERE#
			GROUP BY rm_id
			ORDER BY rm_id) AS aux ON aux.rm_id = bkg_rm_id,
		(select fecha::date from #GEN_SERIES# fecha) days
		ORDER BY bkg_id,cst_cnt_iso) AS aux2
	WHERE aux2.ocupada = 'S'
	GROUP BY cst_cnt_iso
    ]]>
    </Sentence>
    </Query>
    <Query id="queryGastosDepartamentoPersonalHotel">
  <Sentence>
  <![CDATA[
  	SELECT 
  	htl_id, htl_name, htl_city,bll_id, bll_concept, bll_date, bll_amount, dpt_name, dpt_description,emp_name, emp_surname, emp_identity_document, emp_phone_number
		FROM 
			hotels
		LEFT JOIN bills ON bll_htl_id = htl_id 
		LEFT JOIN employees ON emp_htl_id = htl_id	
		LEFT JOIN departments ON dpt_id = emp_dpt_id
		#WHERE#	
		ORDER BY dpt_name	
    ]]>
    </Sentence>
    </Query>
    <Query id="queryBasicEmployee">
	  <Sentence>
		  <![CDATA[
		  	SELECT
				#COLUMNS#
			FROM
				hotels
			LEFT JOIN employees ON emp_htl_id = htl_id	
			#WHERE#	
		    ]]>
	    </Sentence>
    </Query>
    <Query id="queryInfogastosDepEmp">
		<Sentence>
			<![CDATA[
				SELECT
					#COLUMNS#
				FROM
					hotels
				LEFT JOIN bills ON bll_htl_id = htl_id 
				LEFT JOIN employees ON emp_htl_id = htl_id	
				LEFT JOIN departments ON dpt_id = emp_dpt_id    				    					    		
				#WHERE#				    
			    ]]>
			</Sentence>
		</Query>
		<Query id="queryPrueba">
	  <Sentence>
		  <![CDATA[
		  	SELECT  
		  	bll_dpt_id, sum(bll_amount) as gastos 
		  	FROM 
		  	bills 
			#WHERE# 
			GROUP BY bll_dpt_id 
		    ]]>
	    </Sentence>
    </Query>
    <Query id="queryTotalDepartmentExpensesByHotel">	
    <Sentence>
		  <![CDATA[
		  	SELECT dpt_name, dpt_id, round(sum(expenses),2) AS total_expenses
				FROM(
						(SELECT dpt_name, bll_dpt_id AS dpt_id, sum(bll_amount) AS expenses
							FROM bills
							LEFT JOIN departments ON dpt_id = bll_dpt_id
							WHERE  #DEP_HOTEL_DATE#
							GROUP BY bll_dpt_id,dpt_name )
				UNION
						(SELECT dpt_name, aux.emp_dpt_id AS dpt_id, SUM(aux.daily_salary) AS expenses 
							FROM 
								(SELECT emp_htl_id, emp_dpt_id,emp_id, emp_hiring, emp_fired,(emp_salary/30) AS daily_salary, days.fecha,(CASE WHEN (DATE(emp_hiring) <= days.fecha AND ((DATE(emp_fired)>= days.fecha) OR emp_fired IS NULL))= TRUE THEN 'S' ELSE null END) AS working_employee
									FROM employees,
									(select fecha::date from  #GEN_SERIES# fecha) days
								) AS aux
							LEFT JOIN departments ON dpt_id = aux.emp_dpt_id
							WHERE aux.working_employee='S' #HOTEL_EMPL#
							GROUP BY aux.emp_dpt_id, dpt_name)
					)AS TOTAL
				GROUP BY dpt_id, dpt_name
		    ]]>
	    </Sentence>
    </Query>	
    <Query id="queryBookingsIncomeByHotel">	
    <Sentence>
		  <![CDATA[
		  	SELECT aux.htl_id,aux.htl_name, aux.htl_city, SUM(aux.rmt_price) AS rooms_income
			FROM
				(SELECT htl_id, htl_name, htl_city, bkg_id, rmt_price,(CASE WHEN (DATE(bkg_start) <= days.fecha AND (DATE(bkg_end)> days.fecha))= TRUE THEN 'S' ELSE null END) AS ocupada
     				FROM bookings 
     				LEFT JOIN rooms ON bkg_rm_id = rm_id 
     				LEFT JOIN room_types ON rmt_id = rm_rmt_id
     				LEFT JOIN hotels ON rm_htl_id = htl_id,
     				(select fecha::date from #GEN_SERIES# fecha) days
     			) AS aux
			WHERE aux.ocupada='S'
			GROUP BY aux.htl_id,aux.htl_name, aux.htl_city;
		    ]]>
	    </Sentence>
    </Query>	
     <Query id="queryServicesExtrasIncomeByHotel">	
    <Sentence>
		  <![CDATA[
		  	SELECT htl_id, htl_name, htl_city as HOTEL, sum(bsx_precio*bsx_units) as services_extra_income	
				FROM  rooms r
				LEFT JOIN bookings b ON bkg_rm_id = rm_id 
				LEFT JOIN bookings_guests bg ON bkg_id = bgs_bkg_id 
				LEFT JOIN bookings_services_extra bse ON bsx_bkg_id = bkg_id
				LEFT JOIN hotels h ON htl_id = rm_htl_id
				WHERE DATE(bsx_date) >='2022-07-01' AND DATE(bsx_date) <= '2022-07-16'
				GROUP BY  htl_id
		    ]]>
	    </Sentence>
    </Query>	
 </Queries>
</JdbcEntitySetup>