<?xml version="1.0" encoding="UTF-8"?>
<JdbcEntitySetup xmlns="http://www.ontimize.com/schema/jdbc" xmlns:xsi="http://www.w3.org/2001/XMLSchema-instance" 
xsi:schemaLocation="http://www.ontimize.com/schema/jdbc http://www.ontimize.com/schema/jdbc/ontimize-jdbc-dao.xsd" 
catalog="" schema="${mainschema}" table="hotels_services" datasource="mainDataSource" sqlhandler="dbSQLStatementHandler">
	<DeleteKeys>
		<Column>srv_id</Column>
		<Column>htl_id</Column>
	</DeleteKeys>
	<UpdateKeys>
		<Column>srv_id</Column>
		<Column>htl_id</Column>
	</UpdateKeys>
	<Queries>
	<Query id="queryhotelservice">
	<Sentence>
	<![CDATA[
		Select 
		#COLUMNS#
		From 
		hotels_services inner join hotels using(htl_id)
		inner join services using(srv_id)
		#WHERE# 		
	]]>
	</Sentence>
	</Query>
	</Queries>

</JdbcEntitySetup>