<?xml version="1.0" encoding="UTF-8"?>
<JdbcEntitySetup xmlns="http://www.ontimize.com/schema/jdbc" xmlns:xsi="http://www.w3.org/2001/XMLSchema-instance" xsi:schemaLocation="http://www.ontimize.com/schema/jdbc http://www.ontimize.com/schema/jdbc/ontimize-jdbc-dao.xsd" catalog="" schema="${mainschema}" table="hotels_services_extra" datasource="mainDataSource" sqlhandler="dbSQLStatementHandler">
	<DeleteKeys>
		<Column>hsx_id</Column>
	</DeleteKeys>
	<UpdateKeys>
		<Column>hsx_id</Column>
	</UpdateKeys>
	<GeneratedKey>hsx_id</GeneratedKey>
	<Queries>
		<Query id="default">
			<Sentence>
				<![CDATA[
			SELECT #COLUMNS#
			FROM hotels_services_extra hse 
			LEFT JOIN servicesxtra s ON hsx_sxt_id = sxt_id 
			#WHERE#
			]]>

			</Sentence>
		</Query>
	</Queries>
</JdbcEntitySetup>