<?xml version="1.0" encoding="UTF-8"?>
<JdbcEntitySetup xmlns="http://www.ontimize.com/schema/jdbc" xmlns:xsi="http://www.w3.org/2001/XMLSchema-instance" xsi:schemaLocation="http://www.ontimize.com/schema/jdbc http://www.ontimize.com/schema/jdbc/ontimize-jdbc-dao.xsd" catalog="" schema="${mainschema}" table="questions" datasource="mainDataSource" sqlhandler="dbSQLStatementHandler">
	<DeleteKeys>
		<Column>qst_id</Column>
	</DeleteKeys>
	<UpdateKeys>
		<Column>qst_id</Column>
	</UpdateKeys>
	<GeneratedKey>qst_id</GeneratedKey>
		<Queries>

	<Query id="queryPublic">
			<Sentence>
				<![CDATA[
				    SELECT
				     	#COLUMNS#
				    FROM
				     	questions				   	
	   				WHERE qst_public = 1	   						  
				    #WHERE_CONCAT#				    
			    ]]>
			</Sentence>
		</Query>	
		</Queries>
</JdbcEntitySetup>