<?xml version="1.0" encoding="UTF-8"?>
<JdbcEntitySetup xmlns="http://www.ontimize.com/schema/jdbc" xmlns:xsi="http://www.w3.org/2001/XMLSchema-instance" 
xsi:schemaLocation="http://www.ontimize.com/schema/jdbc http://www.ontimize.com/schema/jdbc/ontimize-jdbc-dao.xsd" 
catalog="" schema="${mainschema}" table="receipts" datasource="mainDataSource" sqlhandler="dbSQLStatementHandler">
	<DeleteKeys>
		<Column>rcp_id</Column>
	</DeleteKeys>
	<UpdateKeys>
		<Column>rcp_id</Column>
	</UpdateKeys>
	<GeneratedKey>rcp_id</GeneratedKey>		
		<Queries>	
			<Query id="default">
			<Sentence>
				<![CDATA[
				    SELECT
				     	#COLUMNS#
				    FROM
				     	receipts				   	
				   	LEFT JOIN bookings ON rcp_bkg_id = bkg_id
				   	LEFT JOIN rooms ON rm_id = bkg_rm_id				   						  
				    #WHERE#				    
			    ]]>
			</Sentence>
		</Query>	
		</Queries>
</JdbcEntitySetup>