<?xml version="1.0" encoding="UTF-8"?>
<JdbcEntitySetup
	xmlns="http://www.ontimize.com/schema/jdbc"
	xmlns:xsi="http://www.w3.org/2001/XMLSchema-instance"
	xsi:schemaLocation="http://www.ontimize.com/schema/jdbc http://www.ontimize.com/schema/jdbc/ontimize-jdbc-dao.xsd"
	catalog="" schema="${mainschema}" table="tuser_role"
	datasource="mainDataSource" sqlhandler="dbSQLStatementHandler">
	<DeleteKeys>
		<Column>user_</Column>
	</DeleteKeys>
	<UpdateKeys>
		<Column>user_</Column>
	</UpdateKeys>
	<Queries>
			<Query id="default">
			<Sentence>
                <![CDATA[
                    SELECT
                       user_ ,
                       CASE 
	                       WHEN id_rolename = 1 THEN 'CEO'
	                       WHEN id_rolename = 2 THEN 'HOTEL_MANAGER'
	                       WHEN id_rolename = 3 THEN 'STAFF'
	                       WHEN id_rolename = 4 THEN 'CUSTOMER'
	                       WHEN id_rolename = 5 THEN 'USER'
	                   END as role                            
                    FROM ${mainschema}.tuser_role
                    #WHERE#
                    #ORDER#
                ]]>
            </Sentence>
		</Query>
		<Query id="login">
			<Sentence>
                <![CDATA[
                    SELECT
                        #COLUMNS#
                    FROM ${mainschema}.TUSER
                    #WHERE#
                    #ORDER#
                ]]>
            </Sentence>
		</Query>
		<Query id="userRole">
			<AmbiguousColumns>
				<AmbiguousColumn name="USER_" prefix="tu" />
				<AmbiguousColumn name="ID_ROLENAME" prefix="tr" />
			</AmbiguousColumns>
			<Sentence>
					<![CDATA[
					select
						#COLUMNS#
					from
						${mainschema}.TUSER tu
						JOIN ${mainschema}.TUSER_ROLE tur ON tu.USER_ = tur.USER_
						JOIN ${mainschema}.TROLE tr ON tur.ID_ROLENAME = tr.ID_ROLENAME
					#WHERE#
					#ORDER#
					]]>
			</Sentence>
		</Query>
		<Query id="serverPermissions">
			<AmbiguousColumns>
				<AmbiguousColumn name="ID_ROLENAME" prefix="tr" />
				<AmbiguousColumn name="ID_SERVER_PERMISSION" prefix="tsp" />
			</AmbiguousColumns>
			<Sentence>
					<![CDATA[
					select
						#COLUMNS#
					from
						${mainschema}.TROLE tr
						JOIN ${mainschema}.TROLE_SERVER_PERMISSION trsp ON tr.ID_ROLENAME = trsp.ID_ROLENAME
						JOIN ${mainschema}.TSERVER_PERMISSION tsp ON trsp.ID_SERVER_PERMISSION = tsp.ID_SERVER_PERMISSION
					#WHERE#
					#ORDER#
					]]>
		</Sentence>
		</Query>
		<Query id="clientPermissions">
			<Sentence>
					<![CDATA[
					select
						#COLUMNS#
					from
						${mainschema}.TROLE tr
					#WHERE#
					#ORDER#
					]]>
		</Sentence>
		</Query>
	</Queries>
</JdbcEntitySetup>